Rank,University,Overall,Teaching,Research,Citations,Industry_income,International_outlook
1,University of Oxford,95.4,90.5,99.6,98.4,65.5,96.4
2,California Institute of Technology,94.5,92.1,97.2,97.9,88.0,82.5
3,University of Cambridge,94.4,91.4,98.7,95.8,59.3,95.0
4,Stanford University,94.3,92.8,96.4,99.9,66.2,79.5
5,Massachusetts Institute of Technology,93.6,90.5,92.4,99.5,86.9,89.0
6,Princeton University,93.2,90.3,96.3,98.8,58.6,81.1
7,Harvard University,93.0,89.2,98.6,99.1,47.3,76.3
8,Yale University,91.7,92.0,94.8,97.3,52.4,68.7
9,The University of Chicago,90.2,89.1,91.4,96.7,52.7,76.0
10,Imperial College London,89.8,84.5,87.6,97.0,69.9,97.1
11,University of Pennsylvania,89.6,87.5,90.4,98.2,74.0,65.0
12,Johns Hopkins University,89.2,81.7,91.4,98.3,91.3,73.2
=13,"University of California, Berkeley",88.3,83.0,90.6,99.2,46.1,70.4
=13,ETH Zurich,88.3,81.8,92.8,90.3,56.8,98.2
15,UCL,87.1,77.8,88.7,96.1,42.7,96.2
16,Columbia University,87.0,85.6,82.6,98.2,44.8,79.3
17,"University of California, Los Angeles",86.8,83.1,88.6,97.3,51.3,64.1
18,University of Toronto,85.5,76.6,89.5,93.6,50.5,84.7
19,Cornell University,85.1,79.7,86.0,96.6,37.1,73.4
20,Duke University,84.0,82.4,76.8,97.0,99.9,61.5
21,University of Michigan-Ann Arbor,83.8,79.4,86.1,94.9,47.7,59.2
22,Northwestern University,83.5,74.2,83.8,97.8,78.4,64.1
23,Tsinghua University,82.6,86.6,94.0,74.6,100.0,47.4
24,Peking University,82.3,89.1,90.0,73.2,86.6,59.6
25,National University of Singapore,81.9,76.8,90.4,76.9,58.8,95.5
26,University of Washington,81.6,72.2,82.2,98.6,47.5,60.4
=27,Carnegie Mellon University,81.3,65.9,82.7,98.2,50.5,80.6
=27,London School of Economics and Political Science,81.3,69.0,83.0,92.8,35.1,93.2
29,New York University,81.1,76.8,77.5,96.5,38.7,65.4
30,University of Edinburgh,79.4,67.3,74.1,96.4,38.9,93.8
31,"University of California, San Diego",78.8,62.6,78.9,97.7,90.3,63.7
=32,LMU Munich,77.8,68.4,77.0,88.8,100.0,67.2
=32,University of Melbourne,77.8,65.9,74.1,89.8,76.3,93.1
34,University of British Columbia,76.3,61.5,73.2,92.5,43.8,94.4
35,University of Hong Kong,75.9,69.5,77.2,76.6,59.7,98.6
=36,King’s College London,75.7,61.3,68.5,94.8,45.6,95.6
=36,The University of Tokyo,75.7,85.9,89.6,60.7,77.4,38.2
=38,École Polytechnique Fédérale de Lausanne,75.4,66.6,66.3,88.3,66.4,98.6
=38,Georgia Institute of Technology,75.4,60.2,76.4,90.4,61.6,77.1
=38,University of Texas at Austin,75.4,68.2,76.2,93.2,46.6,39.1
41,Karolinska Institute,74.7,55.4,71.4,96.1,71.2,81.2
42,McGill University,74.3,65.0,71.9,84.7,42.8,90.4
43,Technical University of Munich,74.1,64.6,70.4,85.5,100.0,72.9
44,Heidelberg University,73.5,67.1,60.3,96.2,54.6,67.5
=45,KU Leuven,73.2,58.7,73.9,85.3,99.3,71.8
=45,Paris Sciences et Lettres – PSL Research University Paris,73.2,71.6,71.4,77.0,52.2,78.7
47,The Hong Kong University of Science and Technology,73.1,57.4,66.1,89.8,71.9,97.7
=48,University of Illinois at Urbana-Champaign,72.9,63.2,78.0,84.4,47.9,54.3
=48,"Nanyang Technological University, Singapore",72.9,57.6,70.4,84.9,76.5,95.1
50,Australian National University,72.1,54.4,69.7,88.4,46.4,95.5
51,University of Wisconsin-Madison,72.0,68.8,70.3,85.3,46.3,47.4
52,Washington University in St Louis,71.5,64.2,57.5,98.8,40.7,57.1
53,Brown University,70.0,64.0,56.1,94.9,36.5,61.4
54,University of North Carolina at Chapel Hill,69.9,59.7,63.2,96.9,43.9,38.0
=55,"University of California, Davis",69.7,62.4,66.9,83.2,51.4,62.4
=55,University of Manchester,69.7,56.9,63.8,85.2,44.7,91.0
=57,"University of California, Santa Barbara",69.6,47.9,63.6,96.4,84.5,68.1
=57,Chinese University of Hong Kong,69.6,55.8,62.8,84.5,55.2,97.8
59,Wageningen University & Research,69.4,49.3,57.1,96.1,100.0,81.9
60,University of Sydney,69.3,51.0,61.5,90.7,67.7,89.2
61,Boston University,68.5,57.3,55.6,95.7,41.4,64.4
=62,University of Amsterdam,68.1,48.0,63.4,91.2,45.3,82.0
=62,University of Southern California,68.1,54.7,59.3,93.1,39.7,66.2
64,Seoul National University,68.0,72.3,71.6,66.5,86.6,35.8
65,Kyoto University,67.7,73.7,78.1,59.9,66.2,33.7
66,The University of Queensland,67.4,49.3,58.7,86.8,80.9,92.5
=67,Delft University of Technology,66.7,55.3,72.3,63.2,99.4,92.8
=67,Leiden University,66.7,48.3,65.0,83.1,72.7,79.4
69,Erasmus University Rotterdam,66.3,39.4,57.3,97.1,63.6,87.3
70,Ohio State University (Main campus),66.1,57.5,56.1,87.3,53.3,59.5
71,UNSW Sydney,65.9,50.2,58.2,82.9,57.9,93.7
72,McMaster University,65.4,44.5,50.1,94.8,94.0,82.7
73,University of Groningen,65.1,42.3,55.6,91.6,79.8,82.5
74,Humboldt University of Berlin,65.0,61.8,66.8,67.9,40.2,67.8
=75,Monash University,64.7,47.3,56.6,83.8,67.2,89.9
=75,Utrecht University,64.7,44.1,61.2,88.4,65.3,65.5
77,University of Warwick,64.6,46.9,52.7,88.8,42.8,93.8
78,Penn State (Main campus),64.2,55.2,67.1,75.7,52.1,47.4
79,University of Minnesota,64.1,55.2,59.3,82.7,78.2,40.2
=80,Charité - Universitätsmedizin Berlin,64.0,47.6,47.3,94.9,92.7,63.5
=80,Emory University,64.0,56.0,40.4,98.8,45.4,57.9
=80,University of Science and Technology of China,64.0,64.6,59.5,74.7,79.6,31.3
=80,Sorbonne University,64.0,62.3,50.6,79.9,38.4,69.2
84,Michigan State University,63.9,56.6,57.4,80.0,37.8,63.3
85,University of Montreal,63.4,48.2,49.7,86.4,70.0,84.1
86,University of Freiburg,63.3,49.1,51.6,83.1,100.0,75.7
87,University of Bristol,63.2,41.8,48.4,95.5,40.9,86.6
88,Purdue University West Lafayette,63.1,57.5,66.4,63.0,64.3,72.0
89,Sungkyunkwan University (SKKU),63.0,57.6,61.2,70.3,97.3,51.1
90,University of Zurich,62.8,47.0,46.7,88.2,53.0,92.2
=91,"University of Maryland, College Park",62.7,46.9,59.1,89.6,39.2,41.2
=91,University of Tübingen,62.7,51.2,56.2,80.1,67.0,64.0
93,École Polytechnique,62.5,59.6,49.1,70.2,69.6,95.2
=94,University of Basel,62.4,43.0,41.2,91.4,99.4,96.1
=94,Dartmouth College,62.4,58.4,39.9,96.4,41.0,39.6
=96,"University of California, Irvine",62.3,43.3,46.5,94.9,58.9,71.9
=96,University of Helsinki,62.3,43.4,59.3,88.1,38.1,55.1
=96,Lund University,62.3,40.7,54.3,86.3,81.0,77.7
=99,University of Glasgow,62.2,41.1,47.9,91.8,40.0,92.3
=99,RWTH Aachen University,62.2,55.6,61.5,67.3,98.1,59.0
101,University of Copenhagen,62.1,48.1,44.1,89.6,48.1,85.4
=102,Georgetown University,61.9,57.3,37.9,93.9,62.5,47.2
=102,Uppsala University,61.9,41.6,56.4,85.0,74.6,68.1
104,University of Arizona,61.8,52.6,53.7,85.3,52.7,40.2
=105,University of Bonn,61.6,47.6,47.0,88.0,93.3,60.3
=105,Rice University,61.6,49.1,39.7,93.7,45.4,77.0
=107,University of Virginia (Main campus),61.5,54.4,43.5,91.3,41.6,48.9
=107,Zhejiang University,61.5,66.0,64.7,50.6,100.0,61.8
109,Fudan University,61.4,61.9,58.6,68.1,58.6,44.8
=110,Korea Advanced Institute of Science and Technology (KAIST),61.3,62.6,66.4,58.1,99.9,35.5
=110,Queen Mary University of London,61.3,35.3,43.1,98.0,44.1,96.7
112,University of Birmingham,60.9,39.6,45.6,92.1,39.3,89.2
=113,University of Bern,60.4,44.5,41.2,86.6,85.0,87.3
=113,University of Pittsburgh-Pittsburgh campus,60.4,47.4,45.5,95.1,40.7,39.3
115,Aarhus University,60.3,37.2,54.0,85.4,66.7,74.8
116,Vanderbilt University,60.2,48.7,42.1,95.4,47.5,43.0
=117,Free University of Berlin,60.1,57.2,63.3,58.4,42.4,71.6
=117,University of Sheffield,60.1,45.2,46.4,83.0,45.8,87.3
119,Case Western Reserve University,60.0,48.4,39.9,95.3,42.1,52.2
=120,University of Adelaide,59.9,34.3,41.6,95.3,64.8,91.7
=120,National Taiwan University (NTU),59.9,57.0,62.7,64.0,65.4,41.9
122,University of Southampton,59.8,40.2,44.3,88.0,40.1,94.2
123,Ghent University,59.7,43.3,55.5,78.4,80.9,59.5
124,University of Colorado Boulder,59.6,44.8,45.6,93.1,41.7,47.3
125,University of Göttingen,59.5,49.6,48.6,82.0,37.0,60.9
126,City University of Hong Kong,59.3,41.0,48.9,77.6,62.4,99.6
127,Maastricht University,59.0,40.2,48.3,77.0,82.9,97.6
=128,Radboud University Nijmegen,58.9,36.0,49.9,88.2,46.2,73.0
=128,University of York,58.9,40.3,46.6,85.1,36.4,85.4
130,Université de Paris,58.8,52.0,36.1,88.3,35.6,66.6
=131,University of Oslo,58.7,39.6,43.8,90.0,40.7,75.5
=131,The University of Western Australia,58.7,32.5,43.9,91.0,57.0,94.3
133,Durham University,58.5,45.5,47.8,75.5,37.9,91.7
=134,Indiana University,58.4,50.8,49.7,76.7,49.8,53.5
=134,University of Vienna,58.4,48.1,55.3,64.6,37.1,94.2
=136,University of Alberta,58.2,47.9,48.8,70.3,60.5,87.5
=136,University of Cape Town,58.2,33.2,42.8,90.3,85.3,81.8
138,Vrije Universiteit Amsterdam,58.1,35.7,48.1,88.4,52.5,68.8
=139,Lancaster University,58.0,34.7,39.4,92.5,36.0,94.2
=139,Tufts University,58.0,49.1,34.2,94.4,38.6,49.6
=141,University of Ottawa,57.9,41.3,42.0,86.2,46.5,77.7
=141,Ulm University,57.9,40.6,36.6,94.9,75.7,57.5
143,Pompeu Fabra University,57.8,37.7,40.1,94.4,44.5,66.5
=144,University of Geneva,57.6,38.1,43.7,80.4,63.3,98.4
=144,Nanjing University,57.6,50.7,48.0,71.8,84.9,57.8
=146,University of Exeter,57.4,33.9,38.9,92.4,37.8,91.9
=146,Pohang University of Science and Technology (POSTECH),57.4,51.7,50.9,72.2,99.6,32.9
=146,University of Sussex,57.4,35.3,37.9,91.8,35.9,93.6
=149,University of Hamburg,57.3,44.4,49.8,74.0,98.5,58.1
=149,Sant’Anna School of Advanced Studies – Pisa,57.3,45.0,42.3,82.5,84.7,56.0
=149,Technical University of Berlin,57.3,50.4,53.9,62.3,92.7,66.2
=152,Université Catholique de Louvain,57.2,38.8,51.5,75.7,53.7,80.5
=152,University of Nottingham,57.2,42.7,42.6,80.3,39.4,87.5
=152,Scuola Normale Superiore di Pisa,57.2,57.2,38.1,79.2,35.9,52.8
=155,Arizona State University (Tempe),57.1,39.3,50.7,81.6,38.5,61.8
=155,University of Leeds,57.1,41.1,45.9,78.0,39.9,87.5
=157,Autonomous University of Barcelona,56.9,40.9,36.1,92.9,44.8,64.3
=157,University of Cologne,56.9,43.6,42.9,81.5,70.6,62.9
=157,University of Mannheim,56.9,41.9,50.0,78.2,58.6,58.5
=157,University of Notre Dame,56.9,52.9,46.2,73.5,38.1,55.3
=157,Shanghai Jiao Tong University,56.9,58.0,63.0,47.9,99.9,49.8
=157,TU Dresden,56.9,46.5,48.5,73.0,94.1,55.8
163,University of Würzburg,56.8,38.7,42.4,87.5,65.6,61.5
164,Trinity College Dublin,56.4,41.7,43.9,75.4,41.2,94.4
165,University of Liverpool,56.3,35.2,37.5,88.8,38.8,92.2
=166,Bielefeld University,56.1,36.1,42.7,91.1,59.4,48.6
=166,University of Leicester,56.1,30.1,34.8,96.2,38.1,90.7
=168,University of Aberdeen,56.0,30.4,33.3,95.2,45.8,95.7
=168,University of Bologna,56.0,51.5,34.8,83.8,45.1,50.7
=168,"Rutgers, the State University of New Jersey",56.0,47.8,48.5,73.9,41.1,51.5
171,Hong Kong Polytechnic University,55.9,41.0,46.6,71.8,42.3,94.1
172,University of Alabama at Birmingham,55.7,39.2,33.6,97.3,74.8,37.4
=173,Northeastern University,55.6,38.0,27.9,97.5,38.0,75.0
=173,University of Rochester,55.6,43.4,30.3,91.4,40.9,67.2
=175,University of Florida,55.4,54.0,53.8,61.9,57.9,40.0
=175,Karlsruhe Institute of Technology,55.4,45.4,47.8,66.5,91.3,69.1
=175,Stockholm University,55.4,30.0,46.4,85.0,36.6,81.3
178,Texas A&M University,55.3,49.3,54.8,62.8,45.3,54.3
=179,University of Auckland,55.2,31.4,43.9,80.2,62.4,94.0
=179,"University of California, Santa Cruz",55.2,33.1,34.9,97.7,39.1,60.6
=179,Korea University,55.2,48.4,50.2,64.5,93.9,52.0
=179,Queensland University of Technology,55.2,31.9,40.3,86.4,62.4,81.4
183,University of Erlangen-Nuremberg,54.9,41.1,45.8,75.2,89.6,52.9
=184,Aalto University,54.8,41.8,39.4,76.7,48.3,82.3
=184,Technical University of Denmark,54.8,39.4,40.2,73.8,71.6,92.8
=186,Eindhoven University of Technology,54.7,44.6,48.8,61.0,99.8,78.3
=186,University of Gothenburg,54.7,27.5,41.5,93.5,40.1,65.7
188,Télécom Paris,54.6,42.6,38.3,74.4,76.6,81.7
=189,Lomonosov Moscow State University,54.3,78.2,63.0,15.6,90.7,66.6
=189,University of Münster,54.3,41.0,42.5,81.3,47.5,48.7
=189,Tel Aviv University,54.3,41.3,51.3,71.2,41.8,54.7
192,University of East Anglia,54.2,28.3,30.1,97.2,35.7,87.7
193,University of Canberra,54.1,25.2,31.1,99.2,38.6,86.9
=194,University of Duisburg-Essen,54.0,34.4,32.8,91.8,71.6,60.0
=194,University of Technology Sydney,54.0,33.5,42.9,75.3,50.3,96.1
=194,University of the Witwatersrand,54.0,31.2,43.2,78.8,100.0,73.7
197,Yonsei University (Seoul campus),53.9,51.2,52.6,53.0,98.9,58.4
=198,University of Antwerp,53.8,35.6,44.5,75.8,72.2,69.6
=198,Cardiff University,53.8,32.5,35.5,87.1,37.8,85.1
=198,George Washington University,53.8,48.6,32.4,81.5,35.0,55.5
=198,University of Lausanne,53.8,33.1,44.2,73.3,67.8,92.7
=198,University of St Andrews,53.8,42.2,41.8,67.8,37.6,96.6
201–250,Aalborg University,50.1–53.7,28.5,39.1,87.1,48.0,75.1
201–250,University of Barcelona,50.1–53.7,37.3,32.5,87.6,41.2,54.7
201–250,University of Bergen,50.1–53.7,29.5,29.4,94.1,37.1,78.3
201–250,Brandeis University,50.1–53.7,28.5,22.9,100.0,35.6,53.4
201–250,University of Calgary,50.1–53.7,33.9,34.2,84.7,48.1,77.2
201–250,Copenhagen Business School,50.1–53.7,25.3,32.4,83.7,43.6,92.2
201–250,University of Dundee,50.1–53.7,24.8,31.2,90.5,46.5,80.4
201–250,École Normale Supérieure de Lyon,50.1–53.7,45.2,43.5,63.9,47.0,70.7
201–250,Griffith University,50.1–53.7,25.5,32.7,86.0,42.0,81.8
201–250,University of Hawai’i at Mānoa,50.1–53.7,36.3,38.9,73.8,51.5,65.5
201–250,Hebrew University of Jerusalem,50.1–53.7,48.2,45.1,62.3,41.4,60.3
201–250,University of Hohenheim,50.1–53.7,34.4,31.0,92.0,50.0,55.7
201–250,Howard University,50.1–53.7,42.8,15.3,99.0,34.4,34.0
201–250,University of Iowa,50.1–53.7,43.1,29.5,82.3,54.0,46.5
201–250,James Cook University,50.1–53.7,23.3,28.4,93.3,45.9,75.7
201–250,King Abdulaziz University,50.1–53.7,29.5,16.5,96.4,78.9,93.1
201–250,University of Konstanz,50.1–53.7,38.8,44.2,66.4,72.1,65.6
201–250,KTH Royal Institute of Technology,50.1–53.7,40.5,42.7,62.3,50.5,89.0
201–250,Université Libre de Bruxelles,50.1–53.7,30.2,41.5,73.6,42.7,87.0
201–250,University of Luxembourg,50.1–53.7,37.9,36.5,75.8,45.2,99.7
201–250,Macquarie University,50.1–53.7,37.8,42.6,71.8,53.1,83.9
201–250,University of Massachusetts,50.1–53.7,38.5,31.1,87.0,49.9,61.7
201–250,Medical University of Graz,50.1–53.7,30.9,25.1,91.7,62.1,74.2
201–250,Medical University of Vienna,50.1–53.7,33.4,23.5,90.3,53.0,78.8
201–250,University of Miami,50.1–53.7,44.0,25.2,83.2,41.3,59.1
201–250,Moscow Institute of Physics and Technology (MIPT),50.1–53.7,53.3,45.6,47.2,99.9,58.7
201–250,Newcastle University,50.1–53.7,31.5,36.2,85.5,41.7,87.8
201–250,University of Otago,50.1–53.7,30.2,32.1,84.7,37.0,89.8
201–250,University of Padua,50.1–53.7,42.5,30.9,80.2,38.4,45.1
201–250,Paris-Sud University,50.1–53.7,33.7,32.3,85.9,35.1,65.3
201–250,Queen’s University Belfast,50.1–53.7,31.2,35.5,83.7,38.7,96.4
201–250,RCSI University of Medicine and Health Sciences,50.1–53.7,30.1,26.9,90.0,47.5,93.7
201–250,University of Reading,50.1–53.7,32.1,35.2,76.9,40.3,91.9
201–250,"St George’s, University of London",50.1–53.7,24.0,22.0,98.2,36.9,79.6
201–250,University of South Florida (Tampa),50.1–53.7,30.5,34.2,87.3,89.0,54.7
201–250,Tilburg University,50.1–53.7,36.8,48.8,62.1,55.9,78.2
201–250,University of Twente,50.1–53.7,35.2,46.8,55.6,85.0,90.8
201–250,Ulsan National Institute of Science and Technology (UNIST),50.1–53.7,27.8,38.6,91.3,80.5,51.9
201–250,University College Dublin,50.1–53.7,30.8,36.5,73.6,43.9,92.5
201–250,University of Utah,50.1–53.7,39.0,34.7,86.4,48.3,33.0
201–250,Virginia Polytechnic Institute and State University,50.1–53.7,37.5,42.3,70.9,47.5,54.0
201–250,Vita-Salute San Raffaele University,50.1–53.7,38.7,22.4,97.6,35.9,43.1
201–250,Vrije Universiteit Brussel,50.1–53.7,37.4,42.3,62.7,87.0,75.4
201–250,Wake Forest University,50.1–53.7,42.8,18.8,94.1,43.6,31.2
201–250,University of Waterloo,50.1–53.7,35.0,42.1,66.3,45.1,84.1
201–250,Western University,50.1–53.7,40.2,35.7,76.4,59.1,80.0
201–250,William & Mary,50.1–53.7,47.5,21.1,87.4,35.3,37.3
201–250,University of Wollongong,50.1–53.7,29.9,35.0,75.5,55.7,93.4
251–300,Alfaisal University,46.9–50.0,19.6,21.2,95.0,50.4,98.1
251–300,Auckland University of Technology,46.9–50.0,19.7,18.4,98.0,36.7,95.8
251–300,Autonomous University of Madrid,46.9–50.0,40.1,28.7,74.5,38.6,51.5
251–300,University of Bath,46.9–50.0,28.6,31.1,75.7,37.5,90.3
251–300,Brighton and Sussex Medical School,46.9–50.0,15.9,19.9,100.0,34.4,77.7
251–300,University at Buffalo,46.9–50.0,37.2,32.7,73.8,42.1,64.7
251–300,"University of California, Riverside",46.9–50.0,31.2,30.3,85.9,39.4,64.7
251–300,Chalmers University of Technology,46.9–50.0,36.1,42.1,60.0,74.1,82.9
251–300,University of Cincinnati – Uptown,46.9–50.0,35.5,30.8,83.9,39.4,40.9
251–300,Curtin University,46.9–50.0,23.4,30.4,83.2,44.8,94.2
251–300,Dalhousie University,46.9–50.0,27.7,29.6,79.5,44.4,85.4
251–300,University of Delaware,46.9–50.0,28.5,38.2,71.5,90.6,47.2
251–300,École des Ponts ParisTech,46.9–50.0,39.9,24.5,73.1,57.5,82.3
251–300,University of Essex,46.9–50.0,31.6,34.3,68.6,35.0,96.5
251–300,Flinders University,46.9–50.0,22.5,29.9,84.4,37.7,88.0
251–300,Florida State University,46.9–50.0,38.0,40.1,69.2,39.4,43.5
251–300,George Mason University,46.9–50.0,29.9,26.3,89.5,35.8,46.2
251–300,Heriot-Watt University,46.9–50.0,28.4,26.7,75.2,42.0,94.0
251–300,HSE University,46.9–50.0,35.9,37.3,78.1,56.5,42.0
251–300,University of Illinois at Chicago,46.9–50.0,45.0,33.4,69.7,43.2,54.9
251–300,University of Kiel,46.9–50.0,30.6,27.5,86.8,34.4,54.9
251–300,La Trobe University,46.9–50.0,27.1,33.1,73.3,51.3,83.8
251–300,Université Laval,46.9–50.0,40.1,31.8,67.6,59.6,69.2
251–300,Macau University of Science and Technology,46.9–50.0,27.1,22.4,83.0,34.8,99.6
251–300,Medical University of Innsbruck,46.9–50.0,30.5,14.2,89.1,51.5,93.9
251–300,"National University of Ireland, Galway",46.9–50.0,27.1,29.9,76.3,42.4,79.8
251–300,University of Navarra,46.9–50.0,30.4,27.9,80.3,85.5,65.1
251–300,University of Oregon,46.9–50.0,34.0,29.3,83.7,34.7,37.0
251–300,Oregon Health and Science University,46.9–50.0,35.7,16.7,99.7,47.6,26.6
251–300,University of Oulu,46.9–50.0,30.3,34.4,76.4,43.0,54.3
251–300,University of Passau,46.9–50.0,32.8,39.3,75.5,47.5,59.1
251–300,University of Potsdam,46.9–50.0,36.8,40.8,65.2,56.2,57.4
251–300,Queen’s University,46.9–50.0,41.5,37.8,62.6,65.7,66.3
251–300,"Royal Holloway, University of London",46.9–50.0,30.6,30.2,73.4,37.1,92.8
251–300,Ruhr University Bochum,46.9–50.0,39.7,45.0,57.9,54.5,55.0
251–300,University of São Paulo,46.9–50.0,56.4,54.0,40.6,39.9,33.9
251–300,Sapienza University of Rome,46.9–50.0,40.4,40.0,69.8,43.6,40.5
251–300,Simon Fraser University,46.9–50.0,24.1,35.5,75.3,47.0,91.1
251–300,University of South Australia,46.9–50.0,31.5,39.4,65.8,82.5,89.3
251–300,University of Southern Denmark,46.9–50.0,21.4,28.1,85.1,69.7,80.9
251–300,Stellenbosch University,46.9–50.0,29.5,34.6,74.4,59.1,54.8
251–300,University of Stuttgart,46.9–50.0,41.8,45.4,52.4,61.1,53.1
251–300,Sun Yat-sen University,46.9–50.0,43.6,35.8,63.5,56.4,34.9
251–300,University of Surrey,46.9–50.0,30.2,34.3,71.9,46.8,93.7
251–300,Swansea University,46.9–50.0,21.3,24.1,93.3,36.8,83.2
251–300,Syracuse University,46.9–50.0,35.1,29.6,78.1,35.3,48.7
251–300,Tampere University,46.9–50.0,26.4,34.7,81.8,52.6,49.3
251–300,Technical University of Darmstadt,46.9–50.0,42.4,44.2,50.4,89.5,57.2
251–300,Tohoku University,46.9–50.0,52.7,54.4,39.8,86.4,38.1
251–300,Tokyo Institute of Technology,46.9–50.0,51.2,51.8,37.4,69.3,40.5
251–300,Western Sydney University,46.9–50.0,23.5,29.1,82.8,40.4,83.7
301–350,Aix-Marseille University,44.5–46.8,41.3,25.3,67.1,36.8,60.5
301–350,Anglia Ruskin University ARU,44.5–46.8,17.9,14.4,99.9,35.1,83.7
301–350,Beijing Normal University,44.5–46.8,46.5,39.6,48.6,57.1,42.9
301–350,Boston College,44.5–46.8,36.7,33.7,69.2,34.4,42.3
301–350,University of Canterbury,44.5–46.8,24.3,27.2,72.7,38.5,93.1
301–350,Colorado School of Mines,44.5–46.8,30.1,25.1,79.6,46.6,42.1
301–350,Cyprus University of Technology,44.5–46.8,17.2,16.3,98.0,35.3,72.0
301–350,Deakin University,44.5–46.8,23.8,29.6,73.5,40.6,85.2
301–350,University of Fribourg,44.5–46.8,31.8,32.4,64.7,54.1,87.3
301–350,Goethe University Frankfurt,44.5–46.8,31.7,29.5,75.6,43.2,59.9
301–350,Grenoble Alpes University,44.5–46.8,34.0,30.4,69.7,36.0,59.9
301–350,Huazhong University of Science and Technology,44.5–46.8,41.0,39.1,59.8,90.4,25.8
301–350,Indian Institute of Science,44.5–46.8,58.6,55.3,32.4,57.1,20.2
301–350,Indian Institute of Technology Ropar,44.5–46.8,28.1,12.8,100.0,36.2,18.0
301–350,Jacobs University,44.5–46.8,40.6,33.2,50.7,55.1,88.7
301–350,Johannes Gutenberg University of Mainz,44.5–46.8,35.2,22.6,77.4,68.9,56.7
301–350,University of Klagenfurt,44.5–46.8,25.3,16.5,86.5,37.2,87.3
301–350,Kyung Hee University,44.5–46.8,33.8,40.5,56.4,84.9,62.6
301–350,University of Liège,44.5–46.8,27.6,38.2,60.5,95.9,70.6
301–350,University of Macau,44.5–46.8,32.3,32.6,61.9,41.0,98.5
301–350,University of Malaya,44.5–46.8,41.6,30.5,56.6,48.1,81.6
301–350,University of Marburg,44.5–46.8,33.8,29.1,73.4,39.1,53.6
301–350,Maynooth University,44.5–46.8,20.3,29.8,80.3,37.3,78.2
301–350,University of Milan,44.5–46.8,35.9,28.9,72.2,37.7,42.6
301–350,Montpellier University,44.5–46.8,36.3,27.1,67.1,37.3,61.6
301–350,Nagoya University,44.5–46.8,47.8,47.8,43.4,76.8,32.8
301–350,University of Newcastle,44.5–46.8,24.5,28.3,76.6,49.9,83.1
301–350,University of New Mexico (Main campus),44.5–46.8,29.2,31.8,83.6,37.4,33.2
301–350,North Carolina State University,44.5–46.8,36.7,35.3,64.7,43.2,57.8
301–350,Nova Southeastern University,44.5–46.8,33.8,10.3,99.5,34.4,29.5
301–350,Osaka University,44.5–46.8,51.5,49.0,34.6,63.0,36.0
301–350,Politecnico di Milano,44.5–46.8,33.1,35.2,59.6,72.5,59.0
301–350,Reykjavík University,44.5–46.8,14.4,18.2,100.0,36.5,64.1
301–350,Rush University,44.5–46.8,37.2,12.9,92.1,41.3,19.7
301–350,Southern University of Science and Technology (SUSTech),44.5–46.8,23.9,23.5,85.3,70.5,59.7
301–350,Stony Brook University,44.5–46.8,34.4,23.5,77.0,36.1,71.5
301–350,Swedish University of Agricultural Sciences,44.5–46.8,31.1,29.5,73.5,94.8,47.6
301–350,University of Tartu,44.5–46.8,26.8,27.1,82.4,37.5,55.4
301–350,University of Tasmania,44.5–46.8,26.0,33.7,63.0,50.1,88.2
301–350,Temple University,44.5–46.8,39.3,23.5,79.3,34.4,37.7
301–350,The University of Tennessee-Knoxville,44.5–46.8,32.9,23.4,80.3,43.9,45.7
301–350,University of Texas at Dallas,44.5–46.8,23.7,29.3,82.1,39.9,60.2
301–350,University of Trento,44.5–46.8,27.7,31.7,77.8,41.5,57.7
301–350,Tulane University,44.5–46.8,42.3,24.1,72.7,37.0,41.9
301–350,Umeå University,44.5–46.8,23.5,28.5,79.1,36.2,63.4
301–350,United Arab Emirates University,44.5–46.8,23.7,19.1,84.7,43.3,91.6
301–350,Università della Svizzera italiana,44.5–46.8,24.6,21.9,74.6,44.0,99.6
301–350,University College Cork,44.5–46.8,24.9,23.1,77.5,44.5,81.3
301–350,Victoria University,44.5–46.8,24.0,26.0,75.3,42.8,77.9
351–400,University of Alaska Fairbanks,42.4–44.4,27.5,25.0,72.5,43.8,53.9
351–400,American University of Beirut,42.4–44.4,28.7,14.9,77.1,36.7,78.2
351–400,Australian Catholic University,42.4–44.4,20.6,27.5,73.4,39.4,74.3
351–400,Babol Noshirvani University of Technology,42.4–44.4,15.3,21.2,99.8,42.2,17.1
351–400,University of Bayreuth,42.4–44.4,34.7,34.5,55.8,59.9,55.4
351–400,"Birkbeck, University of London",42.4–44.4,27.6,31.5,62.8,34.5,87.4
351–400,University of Bremen,42.4–44.4,36.9,36.1,56.0,49.0,55.7
351–400,Brunel University London,42.4–44.4,26.9,26.9,63.2,36.8,95.3
351–400,"University of California, Merced",42.4–44.4,17.1,21.6,95.3,38.0,42.4
351–400,Catholic University of Portugal,42.4–44.4,18.3,15.0,94.6,35.9,47.4
351–400,Clark University,42.4–44.4,24.0,22.7,79.3,34.4,57.5
351–400,University of Connecticut,42.4–44.4,36.5,29.7,60.6,37.9,49.0
351–400,University of Crete,42.4–44.4,17.7,20.1,91.4,38.7,48.0
351–400,University of Denver,42.4–44.4,40.5,22.3,75.4,35.8,27.8
351–400,University of Florence,42.4–44.4,37.9,25.1,65.8,42.3,46.2
351–400,"Goldsmiths, University of London",42.4–44.4,33.8,28.6,60.4,35.1,79.4
351–400,Hanyang University,42.4–44.4,39.1,40.0,40.1,92.3,62.3
351–400,Hasselt University,42.4–44.4,28.3,38.1,56.6,49.7,68.1
351–400,Hofstra University,42.4–44.4,38.4,13.2,79.3,34.4,29.8
351–400,University of Iceland,42.4–44.4,19.5,30.0,75.0,62.7,63.6
351–400,IMT Atlantique,42.4–44.4,34.4,28.5,53.1,91.6,75.2
351–400,Indian Institute of Technology Indore,42.4–44.4,32.5,23.7,77.1,39.9,19.7
351–400,Iowa State University,42.4–44.4,29.5,33.0,60.5,49.6,56.7
351–400,Jordan University of Science and Technology,42.4–44.4,15.8,9.0,100.0,40.2,62.3
351–400,Justus Liebig University Giessen,42.4–44.4,37.7,34.1,53.8,41.6,53.9
351–400,University of Kent,42.4–44.4,24.1,28.4,67.9,35.0,91.5
351–400,Khalifa University,42.4–44.4,27.7,32.9,54.0,100.0,95.4
351–400,Loughborough University,42.4–44.4,33.8,34.3,52.9,39.0,80.1
351–400,University of Manitoba,42.4–44.4,28.0,30.8,69.9,36.5,53.4
351–400,Nankai University,42.4–44.4,35.7,21.8,75.8,41.5,35.4
351–400,University of Naples Federico II,42.4–44.4,35.4,23.4,71.9,38.2,31.2
351–400,National Tsing Hua University,42.4–44.4,35.4,46.2,50.1,64.8,36.2
351–400,Northumbria University,42.4–44.4,19.4,18.1,85.6,35.1,72.4
351–400,"University of Occupational and Environmental Health, Japan",42.4–44.4,26.9,9.6,99.8,40.2,18.1
351–400,Örebro University,42.4–44.4,17.6,21.1,88.7,36.0,52.2
351–400,Oregon State University,42.4–44.4,30.9,30.1,67.2,37.7,52.9
351–400,University of Perugia,42.4–44.4,18.6,22.8,87.5,45.2,44.6
351–400,University of Pisa,42.4–44.4,31.2,26.5,74.3,40.5,40.9
351–400,RMIT University,42.4–44.4,25.7,26.1,64.5,42.5,91.8
351–400,University of Salerno,42.4–44.4,20.2,19.5,94.0,37.3,33.9
351–400,SUNY University at Albany,42.4–44.4,24.0,35.4,72.8,40.1,49.6
351–400,University of Stirling,42.4–44.4,23.6,25.3,75.5,35.2,82.1
351–400,Swinburne University of Technology,42.4–44.4,24.5,28.9,66.5,41.0,79.3
351–400,Taipei Medical University,42.4–44.4,28.7,31.8,67.9,94.9,38.0
351–400,TU Dortmund University,42.4–44.4,37.6,41.4,54.2,45.8,42.2
351–400,University of Turku,42.4–44.4,27.1,30.8,73.5,37.3,52.6
351–400,TU Wien,42.4–44.4,38.4,36.8,45.5,63.7,84.0
351–400,Université de Versailles Saint-Quentin-en-Yvelines,42.4–44.4,17.3,21.1,89.9,35.4,64.2
351–400,Washington State University,42.4–44.4,30.7,28.6,71.8,48.4,49.3
351–400,Wayne State University,42.4–44.4,33.3,18.1,83.3,45.4,37.6
351–400,Wuhan University,42.4–44.4,44.0,34.0,52.5,84.7,40.4
401–500,Aberystwyth University,38.8–42.3,24.8,22.9,66.3,39.7,78.1
401–500,The University of Alabama,38.8–42.3,26.9,22.4,77.4,35.3,28.9
401–500,American University,38.8–42.3,40.9,19.5,65.7,39.1,32.3
401–500,Aswan University,38.8–42.3,11.9,8.7,100.0,34.4,44.6
401–500,Bangor University,38.8–42.3,22.4,20.7,66.3,35.7,81.8
401–500,University of Bari Aldo Moro,38.8–42.3,16.7,17.1,87.3,36.2,32.2
401–500,Bond University,38.8–42.3,21.1,19.6,64.6,35.9,89.2
401–500,University of Bordeaux,38.8–42.3,30.0,22.7,66.8,36.4,58.4
401–500,Bournemouth University,38.8–42.3,33.2,18.7,55.5,34.8,79.8
401–500,Universiti Brunei Darussalam,38.8–42.3,23.0,19.3,74.4,34.8,85.8
401–500,Cankaya University,38.8–42.3,14.9,11.4,99.7,34.9,43.2
401–500,Centrale Nantes,38.8–42.3,30.4,29.6,48.6,83.2,84.1
401–500,Central South University,38.8–42.3,32.0,33.9,56.0,84.1,26.0
401–500,Charles University in Prague,38.8–42.3,32.9,25.9,53.0,34.8,58.7
401–500,"City, University of London",38.8–42.3,26.1,27.8,57.7,35.5,94.9
401–500,"Colorado State University, Fort Collins",38.8–42.3,27.8,25.3,64.1,38.4,38.4
401–500,University of Côte d’Azur,38.8–42.3,30.0,18.3,68.5,40.4,83.2
401–500,Covenant University,38.8–42.3,27.2,14.7,78.4,43.8,26.2
401–500,University of Cyprus,38.8–42.3,24.0,24.6,62.3,47.7,81.0
401–500,University of Desarrollo,38.8–42.3,13.5,8.8,99.1,36.8,48.1
401–500,Diego Portales University,38.8–42.3,14.7,10.5,95.3,34.4,50.4
401–500,Drexel University,38.8–42.3,35.8,20.4,64.7,41.5,50.3
401–500,University of Eastern Finland,38.8–42.3,24.7,27.9,70.7,39.2,50.2
401–500,École des Mines de Saint-Étienne,38.8–42.3,35.5,11.7,64.3,47.8,68.5
401–500,Edith Cowan University,38.8–42.3,18.7,21.9,67.8,39.1,82.9
401–500,Federal University of Toulouse Midi-Pyrénées,38.8–42.3,28.5,25.9,60.6,37.0,63.0
401–500,University of Ferrara,38.8–42.3,21.0,20.2,75.0,40.3,45.5
401–500,Free University of Bozen-Bolzano,38.8–42.3,20.6,13.1,77.9,35.4,76.4
401–500,Fujita Health University,38.8–42.3,24.5,9.7,91.1,36.8,18.6
401–500,University of Genoa,38.8–42.3,32.1,23.1,63.8,42.9,43.9
401–500,University of Georgia,38.8–42.3,34.9,35.8,55.8,37.2,46.0
401–500,Georgia State University,38.8–42.3,33.9,27.2,62.9,35.4,41.9
401–500,Gwangju Institute of Science and Technology,38.8–42.3,40.0,39.3,39.3,57.0,33.9
401–500,Harbin Institute of Technology,38.8–42.3,39.5,36.8,44.0,99.3,36.7
401–500,Hokkaido University,38.8–42.3,45.7,40.1,30.0,58.7,39.2
401–500,Hong Kong Baptist University,38.8–42.3,27.9,22.0,58.1,38.4,97.6
401–500,University of Houston,38.8–42.3,33.6,25.9,58.0,36.8,42.5
401–500,Hunan University,38.8–42.3,23.6,24.1,74.9,52.6,22.4
401–500,Indian Institute of Technology Bombay,38.8–42.3,44.7,39.6,34.9,80.3,21.0
401–500,Indian Institute of Technology Delhi,38.8–42.3,48.5,27.9,49.0,73.9,17.6
401–500,Indian Institute of Technology Kharagpur,38.8–42.3,41.3,38.9,39.0,91.9,18.8
401–500,University of Innsbruck,38.8–42.3,27.6,21.8,62.0,43.1,97.4
401–500,ITMO University,38.8–42.3,30.6,28.0,49.8,84.6,62.1
401–500,University of Kansas,38.8–42.3,36.9,22.6,68.3,43.5,35.4
401–500,University of Kentucky,38.8–42.3,37.0,24.9,55.5,38.4,38.0
401–500,University of KwaZulu-Natal,38.8–42.3,25.4,28.7,70.1,36.8,55.0
401–500,Kyushu University,38.8–42.3,44.2,39.2,34.3,75.3,38.8
401–500,Leibniz University Hannover,38.8–42.3,36.8,29.9,46.1,52.3,48.6
401–500,Linköping University,38.8–42.3,22.7,23.6,75.4,48.1,59.3
401–500,Liverpool John Moores University,38.8–42.3,17.7,17.5,78.2,34.9,71.8
401–500,Mansoura University,38.8–42.3,19.1,9.2,88.1,39.6,44.3
401–500,Middlesex University,38.8–42.3,19.4,17.3,74.2,34.6,88.3
401–500,University of Milan-Bicocca,38.8–42.3,23.7,20.2,80.7,39.1,44.3
401–500,University of Missouri-St Louis,38.8–42.3,30.0,24.7,70.3,40.4,40.6
401–500,Mizzou - University of Missouri,38.8–42.3,34.9,24.2,65.7,35.5,39.9
401–500,University of Modena and Reggio Emilia,38.8–42.3,32.1,19.7,69.3,43.5,39.2
401–500,Murdoch University,38.8–42.3,18.5,24.9,61.9,51.0,90.8
401–500,National Research Nuclear University MEPhI,38.8–42.3,37.5,36.1,33.6,100.0,63.7
401–500,University of Nebraska-Lincoln,38.8–42.3,30.1,28.0,63.2,38.6,56.7
401–500,New Mexico Institute of Mining and Technology,38.8–42.3,22.3,14.6,70.6,78.1,62.9
401–500,Norwegian University of Science and Technology,38.8–42.3,26.2,28.3,64.3,38.5,62.2
401–500,Oklahoma State University,38.8–42.3,24.1,21.5,71.1,36.9,44.3
401–500,University of Pavia,38.8–42.3,24.6,25.7,65.5,55.5,47.0
401–500,University of Peradeniya,38.8–42.3,16.5,7.6,100.0,35.4,43.3
401–500,University of the Philippines,38.8–42.3,24.1,17.2,86.9,39.4,37.9
401–500,Polytechnic University of Bari,38.8–42.3,17.3,22.1,84.1,37.1,30.9
401–500,Pontifical Javeriana University,38.8–42.3,15.3,8.9,98.6,34.8,44.6
401–500,University of Porto,38.8–42.3,27.4,27.9,62.1,38.7,53.9
401–500,University of Portsmouth,38.8–42.3,17.8,16.2,71.0,34.9,87.7
401–500,Qatar University,38.8–42.3,19.6,27.2,64.7,49.3,99.6
401–500,Quaid-i-Azam University,38.8–42.3,20.5,18.6,81.5,34.4,45.5
401–500,Rensselaer Polytechnic Institute,38.8–42.3,30.0,28.7,58.9,67.0,52.1
401–500,Royal Veterinary College,38.8–42.3,27.2,18.3,69.1,43.5,86.6
401–500,Sabancı University,38.8–42.3,27.8,35.3,55.8,65.4,52.0
401–500,University of St Gallen,38.8–42.3,30.6,19.6,59.0,43.4,95.7
401–500,University of Saskatchewan,38.8–42.3,35.9,26.9,48.1,59.2,72.6
401–500,Sciences Po,38.8–42.3,29.8,27.0,56.8,38.2,76.0
401–500,Sejong University,38.8–42.3,23.4,20.8,75.4,40.0,42.6
401–500,Semmelweis University,38.8–42.3,26.2,12.3,74.0,36.2,75.0
401–500,University of Siena,38.8–42.3,37.9,21.6,67.6,37.5,43.1
401–500,SOAS University of London,38.8–42.3,41.9,37.7,31.2,34.4,79.5
401–500,University of South Carolina-Columbia,38.8–42.3,33.2,25.5,63.7,36.2,43.2
401–500,University of Strasbourg,38.8–42.3,28.7,21.1,62.3,37.7,71.9
401–500,University of Strathclyde,38.8–42.3,28.3,31.6,51.9,43.6,86.2
401–500,Technion Israel Institute of Technology,38.8–42.3,32.4,31.5,56.8,36.5,63.7
401–500,Teikyo University,38.8–42.3,14.8,10.8,95.9,36.5,19.2
401–500,The University of Texas at San Antonio,38.8–42.3,18.1,21.1,78.0,36.2,36.4
401–500,Tokyo Medical and Dental University (TMDU),38.8–42.3,45.2,24.2,58.1,63.1,27.1
401–500,Tongji University,38.8–42.3,35.5,43.6,34.6,98.2,56.0
401–500,University of Trieste,38.8–42.3,30.1,22.7,66.9,37.7,47.8
401–500,University of Tsukuba,38.8–42.3,43.3,37.2,34.4,44.6,44.3
401–500,The University of Tulsa,38.8–42.3,33.5,16.2,68.9,50.5,39.6
401–500,University of Turin,38.8–42.3,22.6,27.3,75.3,45.4,44.3
401–500,UiT The Arctic University of Norway,38.8–42.3,21.5,18.0,80.0,36.0,64.5
401–500,University of Urbino Carlo Bo,38.8–42.3,17.1,14.6,88.4,37.4,49.8
401–500,University of Valencia,38.8–42.3,24.6,20.8,70.8,37.0,47.0
401–500,Verona University,38.8–42.3,31.5,20.3,63.7,42.4,41.2
401–500,University of Victoria,38.8–42.3,23.6,15.9,70.1,44.9,87.2
401–500,Yasouj University,38.8–42.3,15.1,15.5,91.8,35.7,15.6
401–500,York University,38.8–42.3,28.2,37.6,50.7,45.4,75.0
501–600,University of Alabama in Huntsville,35.3–38.7,22.2,22.4,58.1,68.4,44.9
501–600,Amirkabir University of Technology,35.3–38.7,34.2,31.8,43.2,76.5,21.9
501–600,University of L’Aquila,35.3–38.7,30.8,18.7,65.4,41.4,32.3
501–600,Aston University,35.3–38.7,21.0,24.2,55.1,37.1,92.4
501–600,Universidad Autónoma de Chile,35.3–38.7,12.3,8.9,81.6,34.4,50.7
501–600,Bar-Ilan University,35.3–38.7,29.9,36.5,44.2,46.6,52.9
501–600,Beihang University,35.3–38.7,30.4,34.2,38.1,98.2,28.7
501–600,Bilkent University,35.3–38.7,24.5,24.7,53.1,55.1,62.8
501–600,SUNY Binghamton University,35.3–38.7,22.8,21.9,62.0,36.8,42.7
501–600,Université Bourgogne Franche-Comté (UBFC),35.3–38.7,23.2,13.8,71.1,38.6,52.3
501–600,University of Brescia,35.3–38.7,15.4,17.0,71.2,38.1,43.1
501–600,University of Campinas,35.3–38.7,44.6,38.0,34.8,44.8,30.6
501–600,Carleton University,35.3–38.7,20.2,27.2,57.1,36.1,69.0
501–600,University of Catania,35.3–38.7,33.1,17.7,67.6,36.9,29.8
501–600,Catholic University of the Sacred Heart,35.3–38.7,18.4,20.9,72.6,44.8,45.3
501–600,CentraleSupélec,35.3–38.7,29.4,21.1,48.9,60.9,81.8
501–600,Charles Darwin University,35.3–38.7,19.9,24.3,51.4,45.2,81.1
501–600,Institute of Chemical Technology,35.3–38.7,38.3,24.1,47.1,77.4,14.4
501–600,"China Medical University, Taiwan",35.3–38.7,25.8,32.4,45.9,87.7,31.4
501–600,Chung-Ang University,35.3–38.7,37.9,37.0,25.2,64.6,49.7
501–600,Claude Bernard University Lyon 1,35.3–38.7,26.0,24.0,58.0,38.6,56.7
501–600,Complutense University of Madrid,35.3–38.7,35.4,28.9,47.2,36.1,44.0
501–600,East China Normal University,35.3–38.7,30.5,23.5,50.5,50.6,58.4
501–600,Florida International University,35.3–38.7,30.4,22.6,62.3,38.0,39.7
501–600,University of Graz,35.3–38.7,22.9,18.3,56.1,35.8,76.0
501–600,Graz University of Technology,35.3–38.7,30.5,17.5,50.1,71.5,78.2
501–600,University of Greifswald,35.3–38.7,30.0,22.4,60.2,39.1,47.0
501–600,University of Guelph,35.3–38.7,26.2,29.4,47.4,48.6,57.7
501–600,Hacettepe University,35.3–38.7,28.4,13.1,70.5,37.5,25.0
501–600,University of Haifa,35.3–38.7,26.7,31.9,52.8,36.3,35.9
501–600,Hamburg University of Technology,35.3–38.7,36.2,23.9,42.5,79.1,52.7
501–600,University of Hull,35.3–38.7,22.3,23.0,56.1,36.3,76.5
501–600,University of Ibadan,35.3–38.7,23.4,12.1,77.6,41.4,37.1
501–600,University of Idaho,35.3–38.7,33.3,21.1,53.4,36.2,45.9
501–600,Indian Institute of Technology Gandhinagar,35.3–38.7,21.1,11.5,76.0,45.1,28.0
501–600,Indian Institute of Technology Roorkee,35.3–38.7,38.9,28.2,46.6,72.5,16.5
501–600,University of Insubria,35.3–38.7,18.5,19.5,72.1,36.6,40.2
501–600,University of Jyväskylä,35.3–38.7,26.7,30.8,54.3,35.8,50.7
501–600,Kansai Medical University,35.3–38.7,32.3,8.7,70.0,35.6,17.7
501–600,University of Kashan,35.3–38.7,19.6,18.2,75.2,35.6,18.7
501–600,Keele University,35.3–38.7,20.3,22.4,64.1,35.5,73.8
501–600,King Fahd University of Petroleum and Minerals,35.3–38.7,27.2,15.9,51.7,64.4,78.7
501–600,King Saud University,35.3–38.7,24.6,25.8,49.6,83.4,80.3
501–600,King Saud bin Abdulaziz University for Health Sciences,35.3–38.7,29.9,7.7,67.1,35.8,68.5
501–600,Koç University,35.3–38.7,26.9,34.4,49.2,60.2,49.7
501–600,Lappeenranta-Lahti University of Technology LUT,35.3–38.7,28.3,30.1,43.1,53.8,61.5
501–600,University of Limerick,35.3–38.7,20.1,23.5,54.6,39.2,83.7
501–600,Lincoln University,35.3–38.7,24.4,19.9,47.9,51.5,94.2
501–600,University of Lisbon,35.3–38.7,25.2,29.8,52.7,39.2,53.8
501–600,Louisiana State University,35.3–38.7,34.5,26.3,55.3,35.4,35.5
501–600,Marche Polytechnic University,35.3–38.7,22.1,18.9,65.8,40.8,31.2
501–600,Mashhad University of Medical Sciences,35.3–38.7,28.1,12.3,73.0,34.5,19.9
501–600,Massey University,35.3–38.7,22.9,18.9,49.1,41.5,92.8
501–600,Memorial University of Newfoundland,35.3–38.7,20.5,19.9,57.7,61.0,74.1
501–600,Missouri University of Science and Technology,35.3–38.7,24.2,24.6,59.2,52.9,66.0
501–600,National and Kapodistrian University of Athens,35.3–38.7,21.8,15.0,72.9,55.4,52.0
501–600,National Chiao Tung University,35.3–38.7,35.8,43.3,25.6,87.0,35.9
501–600,National Taiwan University of Science and Technology (Taiwan Tech),35.3–38.7,29.7,41.8,39.5,62.2,40.0
501–600,National Yang-Ming University,35.3–38.7,38.7,18.8,60.0,38.1,21.5
501–600,University of Nebraska Medical Center,35.3–38.7,35.8,12.1,57.5,38.1,43.5
501–600,University of Neuchâtel,35.3–38.7,23.7,29.3,48.3,37.2,90.4
501–600,New Jersey Institute of Technology,35.3–38.7,21.3,19.2,58.2,36.7,76.8
501–600,Northern Arizona University,35.3–38.7,20.2,14.7,82.3,35.1,31.5
501–600,North-West University,35.3–38.7,20.1,17.1,69.9,41.1,43.3
501–600,Norwegian University of Life Sciences,35.3–38.7,26.5,10.5,66.2,39.9,78.4
501–600,Novosibirsk State University,35.3–38.7,42.8,31.9,30.3,35.7,43.8
501–600,The Open University,35.3–38.7,18.2,16.1,66.5,34.8,57.0
501–600,Open University of Catalonia,35.3–38.7,16.5,14.2,74.2,35.8,40.2
501–600,Universidad Peruana Cayetano Heredia,35.3–38.7,17.0,11.3,83.1,34.7,46.4
501–600,Peter the Great St Petersburg Polytechnic University,35.3–38.7,26.2,15.9,61.8,71.2,52.6
501–600,University of Plymouth,35.3–38.7,20.3,19.3,67.5,35.0,70.3
501–600,Polytechnic University of Turin,35.3–38.7,26.2,25.4,55.3,50.8,46.5
501–600,Pontifical Catholic University of Chile,35.3–38.7,24.2,28.3,48.6,64.5,57.1
501–600,Renmin University of China,35.3–38.7,42.5,21.2,47.4,43.9,42.5
501–600,University of Rhode Island,35.3–38.7,23.9,17.7,66.0,34.4,35.4
501–600,University of Rome II – Tor Vergata,35.3–38.7,23.2,17.8,67.1,37.2,51.3
501–600,University of Rome III,35.3–38.7,23.4,22.7,61.2,40.4,41.4
501–600,Rovira i Virgili University,35.3–38.7,23.7,21.0,67.6,36.6,51.1
501–600,San Diego State University,35.3–38.7,23.7,24.4,62.0,35.1,33.9
501–600,Sharif University of Technology,35.3–38.7,28.9,36.7,41.0,99.8,23.7
501–600,Shenzhen University,35.3–38.7,22.3,22.8,70.4,51.4,34.9
501–600,University of Siegen,35.3–38.7,21.3,25.3,57.1,40.2,54.4
501–600,Soochow University,35.3–38.7,23.4,20.8,68.2,37.5,28.3
501–600,South China University of Technology,35.3–38.7,24.0,29.1,61.2,85.4,30.8
501–600,Southeast University,35.3–38.7,29.6,33.4,42.7,97.3,26.9
501–600,Suez Canal University,35.3–38.7,19.9,8.7,82.6,37.9,46.0
501–600,Tehran University of Medical Sciences,35.3–38.7,44.5,16.0,48.0,59.3,22.8
501–600,Tianjin University,35.3–38.7,32.7,35.7,38.8,97.9,26.5
501–600,Tomsk State University,35.3–38.7,41.0,33.7,23.4,53.0,71.6
501–600,Universiti Tunku Abdul Rahman (UTAR),35.3–38.7,14.8,12.2,81.4,38.0,30.3
501–600,University of Udine,35.3–38.7,26.2,16.1,68.7,38.0,41.5
501–600,Victoria University of Wellington,35.3–38.7,23.0,31.8,45.5,57.2,88.7
501–600,University of Waikato,35.3–38.7,20.8,26.3,48.8,43.4,86.2
501–600,The University of the West Indies,35.3–38.7,17.8,11.1,73.4,38.9,57.2
501–600,University of the West of Scotland,35.3–38.7,13.9,13.9,76.8,35.0,74.6
501–600,University of Wisconsin-Milwaukee,35.3–38.7,21.7,22.7,66.9,36.2,33.2
501–600,University of Wuppertal,35.3–38.7,25.0,17.9,60.2,44.5,51.2
501–600,Xiamen University,35.3–38.7,27.3,22.9,57.1,53.3,31.5
501–600,Xi’an Jiaotong University,35.3–38.7,35.1,30.7,41.3,61.4,39.1
501–600,Yokohama City University,35.3–38.7,25.9,8.5,86.2,40.3,20.3
601–800,Åbo Akademi University,28.3–35.2,22.6,29.2,33.1,38.5,66.9
601–800,The University of Aizu,28.3–35.2,20.8,12.5,41.7,36.0,68.3
601–800,University of Alcalá,28.3–35.2,18.5,15.7,43.2,42.5,59.0
601–800,Amedeo Avogadro University of Eastern Piedmont,28.3–35.2,14.7,18.9,66.2,35.1,41.8
601–800,Amrita Vishwa Vidyapeetham,28.3–35.2,26.1,17.0,47.7,82.5,46.2
601–800,"University of the Andes, Colombia",28.3–35.2,21.1,15.9,45.0,37.4,55.7
601–800,Aristotle University of Thessaloniki,28.3–35.2,19.2,16.8,64.3,41.3,41.2
601–800,University of Arkansas,28.3–35.2,26.9,23.0,37.0,39.4,30.9
601–800,Auburn University,28.3–35.2,32.7,21.1,43.3,40.2,43.8
601–800,University of Aveiro,28.3–35.2,24.7,25.5,40.7,41.4,52.5
601–800,University of the Balearic Islands,28.3–35.2,20.3,13.6,59.1,34.7,46.7
601–800,Banaras Hindu University,28.3–35.2,30.8,16.4,46.7,34.6,17.7
601–800,University of the Basque Country,28.3–35.2,22.0,17.1,47.3,37.1,41.5
601–800,Baylor University,28.3–35.2,32.1,18.2,53.9,35.3,33.2
601–800,Beijing Institute of Technology,28.3–35.2,30.6,32.1,32.7,98.1,24.3
601–800,University of Beira Interior,28.3–35.2,17.9,16.5,48.7,34.7,52.7
601–800,Beni-Suef University,28.3–35.2,14.7,7.4,60.8,34.4,45.9
601–800,University of Bergamo,28.3–35.2,19.5,21.0,59.3,40.9,36.6
601–800,Boğaziçi University,28.3–35.2,23.2,21.2,49.4,50.8,41.8
601–800,University of Brighton,28.3–35.2,17.1,14.2,43.4,35.1,75.6
601–800,Ca’ Foscari University of Venice,28.3–35.2,25.1,25.7,36.5,37.1,53.9
601–800,Cairo University,28.3–35.2,21.8,13.7,51.5,35.4,35.3
601–800,University of Calabria,28.3–35.2,17.6,17.5,59.8,87.9,38.3
601–800,University of Central Florida,28.3–35.2,26.5,28.7,49.7,42.6,32.9
601–800,Central Queensland University,28.3–35.2,16.9,12.9,50.2,36.4,60.4
601–800,Chemnitz University of Technology,28.3–35.2,33.0,26.5,26.8,67.8,53.6
601–800,China Agricultural University,28.3–35.2,34.9,26.2,40.7,52.2,22.0
601–800,"China University of Petroleum, Beijing",28.3–35.2,24.0,26.1,39.2,88.0,21.7
601–800,Clemson University,28.3–35.2,25.0,21.2,43.0,40.1,39.2
601–800,University of Clermont Auvergne,28.3–35.2,19.2,10.0,57.0,38.0,61.8
601–800,University of Coimbra,28.3–35.2,23.7,28.1,47.4,41.0,58.7
601–800,COMSATS University Islamabad,28.3–35.2,16.9,9.9,65.5,34.5,45.7
601–800,Concordia University,28.3–35.2,20.9,25.9,46.0,36.9,82.5
601–800,University of Costa Rica,28.3–35.2,16.2,7.9,77.1,34.4,48.2
601–800,Coventry University,28.3–35.2,17.4,12.7,44.1,34.7,89.3
601–800,Creighton University,28.3–35.2,42.0,11.6,41.5,35.7,29.8
601–800,Dalian University of Technology,28.3–35.2,24.6,23.7,40.2,77.1,28.5
601–800,University of Delhi,28.3–35.2,37.6,17.8,42.8,34.5,17.3
601–800,De Montfort University,28.3–35.2,16.9,13.8,50.4,34.6,75.6
601–800,Dublin City University,28.3–35.2,21.0,25.2,49.7,42.8,71.8
601–800,East China University of Science and Technology,28.3–35.2,22.0,19.1,44.0,56.1,17.9
601–800,École Centrale de Lyon,28.3–35.2,31.1,20.2,23.6,59.7,67.2
601–800,École normale supérieure Paris-Saclay,28.3–35.2,36.5,29.6,27.7,51.1,55.3
601–800,University of Electronic Science and Technology of China,28.3–35.2,23.5,22.2,55.1,71.8,28.8
601–800,Eötvös Loránd University,28.3–35.2,21.4,17.7,48.2,35.1,52.6
601–800,Ewha Womans University,28.3–35.2,29.9,30.8,31.4,69.9,46.7
601–800,Federal University of Minas Gerais,28.3–35.2,30.2,17.9,52.0,38.8,29.6
601–800,Universidade Federal do Rio Grande do Sul,28.3–35.2,29.6,18.3,49.3,46.5,26.3
601–800,Universidade Federal de Santa Catarina,28.3–35.2,28.4,13.1,52.6,38.7,29.4
601–800,Universidade Federal de São Paulo (UNIFESP),28.3–35.2,32.6,17.8,43.3,35.7,28.6
601–800,Ferhat Abbas Sétif University 1,28.3–35.2,17.7,7.7,73.0,34.4,41.8
601–800,University of Girona,28.3–35.2,18.9,18.2,57.6,37.4,53.9
601–800,Glasgow Caledonian University,28.3–35.2,15.7,12.2,56.2,35.2,61.1
601–800,University of Granada,28.3–35.2,19.4,20.9,52.0,35.6,48.1
601–800,University of Greenwich,28.3–35.2,17.1,15.2,39.5,35.4,89.4
601–800,University of Hertfordshire,28.3–35.2,17.5,13.0,42.7,35.3,80.1
601–800,Hiroshima University,28.3–35.2,28.9,22.4,31.5,49.9,33.7
601–800,Huazhong Agricultural University,28.3–35.2,21.8,15.1,49.7,43.1,22.5
601–800,University of Huddersfield,28.3–35.2,22.8,20.0,44.8,36.6,72.0
601–800,IDC Herzliya,28.3–35.2,14.1,10.1,62.6,34.4,63.2
601–800,Imam Khomeini International University,28.3–35.2,12.3,8.5,78.0,34.7,20.7
601–800,"Indian Institute of Science Education and Research, Pune",28.3–35.2,31.7,19.5,54.1,35.1,21.5
601–800,Indian Institute of Technology Bhubaneswar,28.3–35.2,27.0,11.3,52.9,35.8,17.1
601–800,Indian Institute of Technology Guwahati,28.3–35.2,33.7,22.0,37.2,41.0,15.3
601–800,Indian Institute of Technology Hyderabad,28.3–35.2,25.3,18.0,52.4,39.4,17.7
601–800,Indian Institute of Technology Kanpur,28.3–35.2,37.8,24.5,35.2,94.3,18.8
601–800,Indian Institute of Technology Madras,28.3–35.2,44.9,30.6,25.4,80.0,19.3
601–800,University of Indonesia,28.3–35.2,38.7,19.2,16.7,81.6,53.7
601–800,University of International Business and Economics,28.3–35.2,25.3,16.1,35.2,35.7,61.5
601–800,University of Ioannina,28.3–35.2,16.5,14.7,60.2,37.3,43.4
601–800,Iran University of Medical Sciences,28.3–35.2,37.7,10.0,52.6,43.4,20.7
601–800,Iran University of Science and Technology,28.3–35.2,27.8,33.0,42.6,96.3,16.8
601–800,ISCTE-University Institute of Lisbon,28.3–35.2,23.0,26.4,29.3,39.8,49.3
601–800,Isfahan University of Technology,28.3–35.2,25.4,23.4,41.7,85.5,22.6
601–800,Istanbul Technical University,28.3–35.2,25.2,28.0,30.2,100.0,26.8
601–800,Jagiellonian University,28.3–35.2,25.5,17.0,61.4,35.3,37.7
601–800,Jamia Millia Islamia,28.3–35.2,29.4,8.7,47.6,35.2,24.9
601–800,Jaume I University,28.3–35.2,22.5,16.3,49.6,37.5,43.5
601–800,Jawaharlal Nehru University,28.3–35.2,43.9,17.3,26.6,43.0,19.3
601–800,Jiangsu Normal University,28.3–35.2,15.1,11.0,60.7,39.7,23.2
601–800,Jikei University School of Medicine,28.3–35.2,28.4,8.6,51.4,38.3,15.9
601–800,University of Johannesburg,28.3–35.2,19.7,25.8,42.5,40.4,69.2
601–800,Johannes Kepler University of Linz,28.3–35.2,28.1,19.7,46.8,54.1,64.4
601–800,Kafrelsheikh University,28.3–35.2,13.0,7.9,67.4,38.0,47.1
601–800,University of Kaiserslautern,28.3–35.2,33.6,24.1,41.3,64.5,52.3
601–800,Kansas State University,28.3–35.2,25.0,20.4,45.8,41.9,47.2
601–800,Kazan Federal University,28.3–35.2,28.7,16.9,47.8,40.0,42.6
601–800,Universiti Kebangsaan Malaysia,28.3–35.2,34.2,19.6,32.3,37.1,52.9
601–800,Keio University,28.3–35.2,32.1,25.7,36.8,42.7,31.5
601–800,Kent State University,28.3–35.2,23.6,19.0,55.6,34.8,42.6
601–800,Kindai University,28.3–35.2,20.1,11.4,58.4,38.8,23.0
601–800,King Khalid University,28.3–35.2,21.6,7.1,53.6,34.5,82.7
601–800,Kobe University,28.3–35.2,32.4,22.8,31.1,44.3,28.7
601–800,Konkuk University,28.3–35.2,33.0,37.9,27.5,44.3,47.7
601–800,Kurume University,28.3–35.2,21.5,10.1,54.5,36.5,21.0
601–800,Lakehead University,28.3–35.2,17.6,19.5,46.9,37.3,49.4
601–800,University of La Laguna,28.3–35.2,19.3,11.5,67.8,35.2,46.9
601–800,Lehigh University,28.3–35.2,27.4,20.8,51.0,40.3,45.1
601–800,University of Leoben,28.3–35.2,28.1,11.2,35.6,56.2,70.2
601–800,University of Lille,28.3–35.2,20.3,17.3,53.0,39.0,60.7
601–800,University of Lincoln,28.3–35.2,16.5,14.1,64.3,35.3,71.2
601–800,University of Ljubljana,28.3–35.2,21.1,18.7,44.8,39.7,42.3
601–800,University of Lleida,28.3–35.2,23.6,15.2,48.8,37.8,41.6
601–800,University of Lorraine,28.3–35.2,21.8,13.5,61.3,37.3,61.6
601–800,"Lumière University, Lyon 2",28.3–35.2,28.8,18.1,29.0,34.7,62.4
601–800,Mae Fah Luang University,28.3–35.2,14.4,9.0,74.4,34.5,50.6
601–800,Mahidol University,28.3–35.2,31.6,21.0,45.2,73.4,46.1
601–800,Makerere University,28.3–35.2,16.7,12.7,69.6,40.9,58.7
601–800,Universiti Malaysia Perlis,28.3–35.2,16.5,12.0,62.4,35.7,28.0
601–800,University of Malta,28.3–35.2,16.9,13.7,48.1,34.7,57.9
601–800,Manchester Metropolitan University,28.3–35.2,20.1,14.2,55.4,34.8,65.3
601–800,"University of Maryland, Baltimore County",28.3–35.2,22.9,17.4,57.8,35.7,34.3
601–800,Masaryk University,28.3–35.2,22.6,25.4,36.3,35.6,61.5
601–800,Metropolitan Autonomous University,28.3–35.2,16.6,16.3,68.6,36.4,25.1
601–800,Middle East Technical University,28.3–35.2,28.7,23.2,30.7,62.1,30.4
601–800,Miguel Hernández University of Elche,28.3–35.2,30.3,12.7,45.4,38.0,34.2
601–800,University of Minho,28.3–35.2,22.5,19.4,34.6,62.6,50.3
601–800,Montana State University,28.3–35.2,18.6,19.4,67.0,48.4,28.4
601–800,Monterrey Institute of Technology,28.3–35.2,20.5,18.2,41.8,74.7,57.3
601–800,Nanjing University of Information Science and Technology,28.3–35.2,16.7,14.9,69.9,38.9,29.5
601–800,Nanjing Medical University,28.3–35.2,38.2,25.9,36.0,35.8,20.8
601–800,Nanjing Normal University,28.3–35.2,20.2,12.1,54.4,47.5,22.9
601–800,University of Nantes,28.3–35.2,19.8,21.0,57.4,39.5,50.4
601–800,National Autonomous University of Mexico,28.3–35.2,31.9,30.4,18.9,61.7,44.2
601–800,National Cheng Kung University (NCKU),28.3–35.2,32.8,41.1,22.9,99.8,36.3
601–800,National Institute of Applied Sciences of Lyon (INSA Lyon),28.3–35.2,29.8,25.5,33.7,91.3,71.7
601–800,National University of Science and Technology (MISiS),28.3–35.2,24.3,23.7,29.1,84.2,68.9
601–800,National Taiwan Normal University,28.3–35.2,32.0,37.3,22.8,78.4,51.4
601–800,National Technical University of Athens,28.3–35.2,23.0,12.8,45.0,71.5,38.6
601–800,"University of Nevada, Las Vegas",28.3–35.2,28.7,22.6,41.3,35.1,32.2
601–800,New Mexico State University (Main campus),28.3–35.2,21.5,14.7,53.9,38.8,37.7
601–800,Nippon Medical School,28.3–35.2,25.7,8.8,55.1,34.8,16.9
601–800,University of North Carolina at Greensboro,28.3–35.2,20.9,19.3,50.0,35.4,21.3
601–800,Northwestern Polytechnical University,28.3–35.2,26.2,33.6,40.2,83.3,24.7
601–800,Nottingham Trent University,28.3–35.2,17.7,12.9,59.5,34.9,69.0
601–800,NOVA University of Lisbon,28.3–35.2,24.9,25.7,46.6,46.7,60.2
601–800,Ohio University (Main campus),28.3–35.2,28.5,17.4,43.5,35.4,30.6
601–800,Old Dominion University,28.3–35.2,22.7,19.2,51.9,34.4,30.4
601–800,University of Oviedo,28.3–35.2,16.8,15.2,54.8,38.5,34.4
601–800,Oxford Brookes University,28.3–35.2,28.5,24.0,37.4,34.6,78.4
601–800,Palacký University Olomouc,28.3–35.2,20.9,18.3,46.9,35.4,57.3
601–800,University of Palermo,28.3–35.2,21.1,17.9,63.0,35.0,27.3
601–800,Panjab University,28.3–35.2,27.0,14.4,56.6,34.9,16.5
601–800,Panthéon-Sorbonne University – Paris 1,28.3–35.2,45.4,32.9,11.2,34.8,57.3
601–800,University of Parma,28.3–35.2,18.1,18.9,65.7,39.4,38.1
601–800,Universitat Politècnica de Catalunya,28.3–35.2,23.7,17.2,56.9,41.2,59.1
601–800,Pontifical Catholic University of Rio de Janeiro (PUC-Rio),28.3–35.2,27.4,25.6,27.9,99.5,41.5
601–800,Portland State University,28.3–35.2,21.1,18.4,44.6,35.7,30.4
601–800,University of Pretoria,28.3–35.2,25.1,30.1,33.0,41.8,52.0
601–800,Pusan National University,28.3–35.2,27.0,30.0,24.9,63.4,35.7
601–800,Universiti Putra Malaysia,28.3–35.2,32.0,31.4,19.1,41.3,69.5
601–800,Université du Québec,28.3–35.2,24.9,23.6,39.1,42.1,67.2
601–800,University of Regina,28.3–35.2,16.8,15.6,45.1,35.8,63.0
601–800,University of Rennes 1,28.3–35.2,21.0,15.5,50.9,36.9,55.9
601–800,Roskilde University,28.3–35.2,21.4,32.7,37.8,38.2,52.1
601–800,Ryerson University,28.3–35.2,19.4,26.0,38.6,36.2,52.4
601–800,Universiti Sains Malaysia,28.3–35.2,35.6,22.7,26.7,45.7,52.8
601–800,Saint Petersburg State University,28.3–35.2,46.1,31.0,19.7,36.4,39.3
601–800,University of Salamanca,28.3–35.2,26.4,17.5,37.9,37.0,51.4
601–800,University of Salento,28.3–35.2,27.5,21.0,56.3,36.8,26.9
601–800,University of Santiago de Compostela,28.3–35.2,21.8,16.6,46.9,40.3,44.7
601–800,University of Sassari,28.3–35.2,22.2,17.2,47.8,36.4,36.6
601–800,Savitribai Phule Pune University,28.3–35.2,38.9,18.5,46.6,36.1,17.5
601–800,Shahid Beheshti University of Medical Sciences,28.3–35.2,42.9,14.6,37.3,64.0,17.2
601–800,Shandong University,28.3–35.2,32.3,29.1,35.4,72.3,30.6
601–800,University of Sharjah,28.3–35.2,19.5,11.8,38.8,38.3,99.1
601–800,Université de Sherbrooke,28.3–35.2,29.6,14.5,51.0,38.1,58.5
601–800,Shiraz University of Technology,28.3–35.2,23.7,20.3,46.6,47.9,16.7
601–800,Sichuan University,28.3–35.2,30.6,24.8,38.3,63.8,25.3
601–800,Sidi Mohamed Ben Abdellah University,28.3–35.2,25.2,7.6,53.2,34.4,23.6
601–800,University of South Dakota,28.3–35.2,31.2,15.6,46.8,39.0,25.3
601–800,Southern Cross University,28.3–35.2,18.5,21.5,49.7,39.8,66.6
601–800,University of Southern Queensland,28.3–35.2,19.3,19.8,54.9,37.4,72.6
601–800,University of Split,28.3–35.2,15.7,12.3,56.8,40.1,41.3
601–800,Stevens Institute of Technology,28.3–35.2,22.5,15.8,58.4,35.6,68.7
601–800,University of the Sunshine Coast,28.3–35.2,17.3,23.5,46.0,40.3,68.6
601–800,University of Tabriz,28.3–35.2,27.9,19.9,42.2,42.9,19.5
601–800,Tabriz University of Medical Sciences,28.3–35.2,45.0,12.0,36.7,34.5,15.9
601–800,University of Technology of Compiègne,28.3–35.2,23.2,10.1,37.2,42.6,82.4
601–800,University of Tehran,28.3–35.2,36.7,23.5,38.7,34.4,23.3
601–800,Universiti Teknologi Malaysia,28.3–35.2,36.4,25.2,29.2,35.6,56.4
601–800,Universiti Teknologi Petronas,28.3–35.2,27.1,30.1,26.8,78.2,66.0
601–800,University of Texas at Arlington,28.3–35.2,21.0,18.3,50.0,39.7,46.0
601–800,Texas Tech University,28.3–35.2,30.8,20.9,46.5,36.2,48.4
601–800,Thapar University,28.3–35.2,19.1,9.7,66.5,36.0,20.9
601–800,University of Thessaly,28.3–35.2,15.7,20.2,48.7,42.8,39.1
601–800,Tokyo Metropolitan University,28.3–35.2,24.9,17.2,54.6,38.4,26.2
601–800,University of Toledo,28.3–35.2,33.7,13.9,48.7,42.8,46.2
601–800,Tomsk Polytechnic University,28.3–35.2,26.3,20.6,35.7,60.7,54.4
601–800,University of Tours,28.3–35.2,30.2,12.5,48.5,35.7,48.8
601–800,TU Braunschweig,28.3–35.2,25.2,16.0,48.9,42.6,53.7
601–800,University of Ulsan,28.3–35.2,20.6,23.4,61.8,58.2,21.7
601–800,Ulster University,28.3–35.2,21.0,18.0,40.9,35.6,75.7
601–800,University of Warsaw,28.3–35.2,25.8,21.5,41.4,35.1,45.6
601–800,Waseda University,28.3–35.2,31.3,22.8,28.2,38.1,38.0
601–800,University of the West of England,28.3–35.2,17.1,15.2,48.4,34.9,64.3
601–800,University of the Western Cape,28.3–35.2,18.3,20.0,60.3,34.4,62.1
601–800,Western Washington University,28.3–35.2,16.2,10.6,62.2,34.5,22.9
601–800,University of Westminster,28.3–35.2,18.2,16.2,36.7,34.8,86.7
601–800,West Virginia University,28.3–35.2,27.8,17.1,59.3,34.4,40.8
601–800,University of Windsor,28.3–35.2,33.7,26.6,33.5,36.8,79.9
601–800,Worcester Polytechnic Institute,28.3–35.2,20.1,17.7,59.1,36.5,56.2
801–1000,Acharya Nagarjuna University,22.2–28.2,39.9,9.2,15.7,41.8,23.5
801–1000,University of A Coruña,22.2–28.2,20.3,13.7,32.5,36.3,31.6
801–1000,"Adam Mickiewicz University, Poznań",22.2–28.2,18.1,13.4,32.7,35.4,32.7
801–1000,University of the Aegean,22.2–28.2,18.1,17.8,44.3,37.0,37.5
801–1000,"University of Agriculture, Faisalabad",22.2–28.2,17.5,16.5,28.6,41.9,36.6
801–1000,Aichi Medical University,22.2–28.2,26.0,10.8,32.4,34.4,17.4
801–1000,Ain Shams University,22.2–28.2,21.0,10.1,31.5,35.6,36.0
801–1000,Ajou University,22.2–28.2,23.9,23.4,29.8,60.9,30.1
801–1000,Al-Balqa Applied University,22.2–28.2,11.9,8.9,52.8,40.5,46.4
801–1000,University of Algarve,22.2–28.2,17.3,13.5,40.2,35.3,63.1
801–1000,University of Alicante,22.2–28.2,20.0,14.8,28.7,37.1,41.0
801–1000,Aligarh Muslim University,22.2–28.2,29.0,10.4,41.1,34.5,23.6
801–1000,American University in Cairo,22.2–28.2,27.0,25.1,20.2,35.5,64.1
801–1000,American University of Sharjah,22.2–28.2,19.2,14.8,23.0,37.5,94.8
801–1000,"Asia University, Taiwan",22.2–28.2,17.3,33.7,23.0,100.0,34.1
801–1000,Athens University of Economics and Business,22.2–28.2,17.8,21.2,39.3,37.8,45.4
801–1000,Atılım University,22.2–28.2,14.7,8.8,39.2,37.0,35.3
801–1000,Babeş-Bolyai University,22.2–28.2,16.7,14.1,36.8,34.9,50.6
801–1000,University of Baghdad,22.2–28.2,19.5,7.9,43.5,35.2,31.1
801–1000,Bauman Moscow State Technical University,22.2–28.2,34.0,17.4,16.8,61.8,26.3
801–1000,University of Bedfordshire,22.2–28.2,16.9,13.6,29.3,34.9,77.1
801–1000,Beijing Jiaotong University,22.2–28.2,23.4,23.5,20.3,65.2,28.0
801–1000,University of Béjaïa,22.2–28.2,16.4,7.4,53.3,34.4,43.1
801–1000,Benha University,22.2–28.2,14.8,7.5,54.6,35.6,42.5
801–1000,Birmingham City University,22.2–28.2,16.0,10.3,37.4,34.6,62.8
801–1000,University of Bradford,22.2–28.2,19.3,16.4,33.0,36.9,81.2
801–1000,University of Brasília,22.2–28.2,25.8,14.4,36.8,34.5,30.9
801–1000,Bucharest University of Economic Studies,22.2–28.2,15.4,10.0,53.1,34.8,19.4
801–1000,University of Cadiz,22.2–28.2,27.0,14.8,28.7,35.9,36.4
801–1000,Capital Medical University,22.2–28.2,30.2,20.2,24.7,35.0,23.5
801–1000,Cardiff Metropolitan University,22.2–28.2,16.5,10.8,41.0,34.7,61.0
801–1000,Carlos III University of Madrid,22.2–28.2,24.4,16.3,34.9,38.2,60.2
801–1000,University of Castilla-La Mancha,22.2–28.2,16.6,12.5,32.7,36.0,37.0
801–1000,University of Central Lancashire,22.2–28.2,15.7,12.7,39.7,34.8,64.6
801–1000,Chang Gung University,22.2–28.2,23.3,26.3,29.8,84.9,24.5
801–1000,Chiba University,22.2–28.2,28.7,19.1,32.8,51.4,25.9
801–1000,University of Chile,22.2–28.2,23.2,17.1,33.9,34.5,51.2
801–1000,"China University of Geosciences, Beijing",22.2–28.2,24.7,14.2,39.7,43.0,25.3
801–1000,"China University of Geosciences, Wuhan",22.2–28.2,20.5,17.2,43.1,45.6,25.5
801–1000,China University of Mining and Technology,22.2–28.2,19.9,13.6,47.4,52.8,18.4
801–1000,China Pharmaceutical University,22.2–28.2,22.9,13.1,35.5,57.2,17.4
801–1000,Chongqing University,22.2–28.2,23.2,21.3,35.2,60.3,21.4
801–1000,Chonnam National University,22.2–28.2,21.3,20.2,29.6,38.9,27.5
801–1000,Chulalongkorn University,22.2–28.2,31.5,21.7,22.2,64.8,37.8
801–1000,University of Córdoba,22.2–28.2,21.2,16.6,36.4,37.1,41.9
801–1000,Czech Technical University in Prague,22.2–28.2,20.8,17.4,23.4,44.6,53.7
801–1000,University of Debrecen,22.2–28.2,19.9,10.6,28.0,37.7,55.7
801–1000,University of Derby,22.2–28.2,16.2,10.3,32.0,35.1,58.8
801–1000,University of Deusto,22.2–28.2,21.5,17.6,39.6,38.1,45.7
801–1000,Eastern Mediterranean University,22.2–28.2,17.0,11.7,30.6,34.4,86.6
801–1000,University of East London,22.2–28.2,20.4,14.5,32.8,34.4,78.6
801–1000,Edinburgh Napier University,22.2–28.2,16.7,13.9,40.4,35.6,80.0
801–1000,Embry-Riddle Aeronautical University,22.2–28.2,16.9,9.2,44.5,34.6,30.2
801–1000,University of Évora,22.2–28.2,19.6,14.6,31.3,35.6,53.7
801–1000,Federal University of Pelotas,22.2–28.2,17.9,11.0,48.6,34.4,20.0
801–1000,Federal University of Rio de Janeiro,22.2–28.2,34.4,22.0,26.1,35.5,28.7
801–1000,Federico Santa María Technical University,22.2–28.2,13.6,9.8,40.2,44.9,54.5
801–1000,Ferdowsi University of Mashhad,22.2–28.2,25.9,18.5,23.1,41.8,21.2
801–1000,Florida Atlantic University,22.2–28.2,21.0,19.1,37.5,37.9,44.6
801–1000,Florida Institute of Technology,22.2–28.2,22.7,14.6,31.4,37.7,56.8
801–1000,University of La Frontera,22.2–28.2,15.1,16.0,34.0,34.5,47.9
801–1000,Fu Jen Catholic University,22.2–28.2,18.7,19.9,31.3,53.5,30.4
801–1000,Fuzhou University,22.2–28.2,16.6,12.1,54.6,49.5,25.6
801–1000,Gdańsk University of Technology,22.2–28.2,17.1,12.1,37.0,38.3,23.3
801–1000,University of Ghana,22.2–28.2,15.6,15.5,28.1,48.0,49.5
801–1000,Guangdong University of Technology,22.2–28.2,14.2,13.1,54.6,57.3,25.8
801–1000,Hamamatsu University School of Medicine,22.2–28.2,29.0,13.7,24.3,37.5,17.8
801–1000,Hanoi University of Science and Technology,22.2–28.2,14.7,8.4,42.3,37.2,44.6
801–1000,Hyogo College of Medicine,22.2–28.2,30.2,12.4,43.5,34.4,16.3
801–1000,Ilmenau University of Technology,22.2–28.2,25.1,16.8,29.9,50.7,55.5
801–1000,Indian Institute of Science Education and Research Kolkata,22.2–28.2,28.1,10.8,28.5,35.4,17.2
801–1000,Indian Institute of Technology (Indian School of Mines) Dhanbad,22.2–28.2,21.5,13.5,37.3,49.3,14.1
801–1000,Indian Institute of Technology Patna,22.2–28.2,17.6,8.3,41.9,34.7,15.4
801–1000,Inha University,22.2–28.2,23.8,20.7,23.8,64.0,32.1
801–1000,"International Islamic University, Islamabad",22.2–28.2,14.4,7.5,53.1,34.4,46.6
801–1000,University of Isfahan,22.2–28.2,30.9,22.6,13.4,45.5,17.5
801–1000,Isfahan University of Medical Sciences,22.2–28.2,40.9,11.9,22.4,37.4,16.1
801–1000,Istanbul University,22.2–28.2,25.8,24.4,23.6,49.8,27.1
801–1000,Jadavpur University,22.2–28.2,33.8,22.3,28.5,40.8,15.4
801–1000,University of Jaén,22.2–28.2,16.7,14.1,34.7,35.8,38.8
801–1000,Jeonbuk National University,22.2–28.2,22.9,20.4,23.8,39.6,29.0
801–1000,Jiangsu University,22.2–28.2,18.8,10.4,33.1,55.5,37.0
801–1000,Jilin University,22.2–28.2,27.3,16.2,27.4,43.3,20.4
801–1000,Jinan University,22.2–28.2,21.6,14.9,38.5,40.4,54.6
801–1000,The University of Jordan,22.2–28.2,25.1,10.2,29.1,39.3,67.2
801–1000,Juntendo University,22.2–28.2,34.6,13.5,27.8,47.4,20.4
801–1000,Kanazawa University,22.2–28.2,26.8,17.7,28.4,36.9,24.2
801–1000,Kaohsiung Medical University,22.2–28.2,22.5,23.3,25.9,54.8,26.0
801–1000,Karabük University,22.2–28.2,18.3,7.6,39.2,34.4,30.6
801–1000,Karlstad University,22.2–28.2,16.8,13.2,47.6,35.2,37.2
801–1000,Kingston University,22.2–28.2,17.6,15.6,33.3,34.7,84.2
801–1000,K.N. Toosi University of Technology,22.2–28.2,24.6,23.7,25.1,46.4,19.7
801–1000,Kumamoto University,22.2–28.2,26.0,14.1,23.2,44.8,28.2
801–1000,University of Kurdistan,22.2–28.2,14.5,13.1,46.6,39.3,17.5
801–1000,Kuwait University,22.2–28.2,19.1,9.9,31.7,37.4,69.9
801–1000,Kyoto Prefectural University of Medicine,22.2–28.2,32.6,13.3,33.7,44.2,16.1
801–1000,Kyungpook National University,22.2–28.2,24.5,28.0,25.0,43.4,29.3
801–1000,University of Lagos,22.2–28.2,15.5,9.0,58.7,34.5,27.4
801–1000,Lahore University of Management Sciences,22.2–28.2,19.5,12.7,33.9,35.1,49.0
801–1000,University of Las Palmas de Gran Canaria,22.2–28.2,17.8,11.9,44.4,34.4,36.8
801–1000,University of Latvia,22.2–28.2,17.0,19.3,24.4,41.6,48.9
801–1000,Lebanese American University,22.2–28.2,30.5,10.1,25.1,34.8,84.7
801–1000,Leeds Beckett University,22.2–28.2,16.6,13.9,39.5,35.0,49.8
801–1000,Louisiana Tech University,22.2–28.2,17.3,9.7,43.9,34.8,32.7
801–1000,Lviv Polytechnic National University,22.2–28.2,17.9,8.7,49.5,34.7,24.4
801–1000,University of Malaga,22.2–28.2,20.1,11.5,33.1,36.2,41.2
801–1000,University of Maribor,22.2–28.2,17.0,15.8,31.0,40.0,37.9
801–1000,Marquette University,22.2–28.2,36.0,14.4,34.3,36.3,24.6
801–1000,University of Mazandaran,22.2–28.2,28.2,11.6,32.9,37.4,17.2
801–1000,Mississippi State University,22.2–28.2,21.8,15.8,43.6,40.3,25.9
801–1000,University of Murcia,22.2–28.2,22.3,13.8,32.6,35.9,38.5
801–1000,Muroran Institute of Technology,22.2–28.2,15.4,9.4,42.6,37.7,30.7
801–1000,University of Nairobi,22.2–28.2,14.6,10.2,48.3,34.8,47.0
801–1000,Nanjing Agricultural University,22.2–28.2,23.4,17.2,43.2,47.4,21.2
801–1000,Nanjing Tech University,22.2–28.2,17.7,12.1,53.0,59.7,24.3
801–1000,National Central University,22.2–28.2,25.0,22.6,22.1,65.6,40.8
801–1000,National Chengchi University,22.2–28.2,23.4,29.3,13.2,42.0,46.4
801–1000,National Dong Hwa University,22.2–28.2,16.3,24.6,28.9,37.8,38.6
801–1000,National Institute of Technology Rourkela,22.2–28.2,26.4,15.1,44.8,37.5,17.1
801–1000,"National Institute of Technology, Tiruchirappalli",22.2–28.2,25.0,17.4,32.8,51.9,22.1
801–1000,National University of Sciences and Technology,22.2–28.2,21.1,11.7,35.1,34.8,40.0
801–1000,National Sun Yat-Sen University,22.2–28.2,24.4,28.0,21.9,58.9,30.6
801–1000,National Taipei University of Technology,22.2–28.2,21.8,20.2,22.4,86.7,28.8
801–1000,The New School,22.2–28.2,23.9,15.2,30.2,38.4,50.3
801–1000,Niigata University,22.2–28.2,23.9,13.0,41.3,40.0,23.3
801–1000,Normandy University,22.2–28.2,17.4,12.9,38.8,35.8,53.3
801–1000,Northeastern University,22.2–28.2,24.8,22.1,19.3,96.9,37.5
801–1000,Northeast Normal University,22.2–28.2,24.3,10.3,48.6,37.1,18.3
801–1000,University of Northern British Columbia (UNBC),22.2–28.2,19.3,18.5,42.0,34.8,37.3
801–1000,Northwest University,22.2–28.2,19.3,12.7,37.5,40.6,21.5
801–1000,NorthWest A&F University,22.2–28.2,20.1,13.1,37.8,45.2,22.8
801–1000,Okayama University,22.2–28.2,25.6,16.6,27.0,51.6,28.2
801–1000,Osaka City University,22.2–28.2,24.9,14.3,26.8,39.3,24.6
801–1000,Osmania University,22.2–28.2,36.0,10.2,31.5,39.6,15.4
801–1000,Pablo de Olavide University,22.2–28.2,21.5,14.2,42.0,35.2,50.2
801–1000,University of Patras,22.2–28.2,16.5,11.6,39.4,39.4,37.7
801–1000,University of Pécs,22.2–28.2,19.6,16.1,40.9,37.5,55.9
801–1000,Polytechnic Institute of Porto,22.2–28.2,13.5,8.7,48.5,34.6,32.8
801–1000,Polytechnic University of Valencia,22.2–28.2,22.1,11.8,41.3,44.8,50.0
801–1000,Pondicherry University,22.2–28.2,36.5,19.2,18.3,34.5,14.5
801–1000,Pontifical Catholic University of Peru,22.2–28.2,19.9,8.6,33.8,35.9,47.4
801–1000,Pontifical Catholic University of Rio Grande do Sul (PUCRS),22.2–28.2,18.7,13.5,41.1,49.7,25.8
801–1000,University of Puerto Rico,22.2–28.2,18.1,8.5,43.7,34.9,43.7
801–1000,University of the Punjab,22.2–28.2,19.5,10.4,34.1,35.2,32.5
801–1000,University Rey Juan Carlos,22.2–28.2,18.6,10.8,40.9,36.7,45.5
801–1000,Rikkyo University,22.2–28.2,16.6,8.9,47.5,34.8,42.7
801–1000,Rochester Institute of Technology,22.2–28.2,20.0,18.1,39.0,35.9,41.6
801–1000,University of Roehampton,22.2–28.2,18.7,19.9,31.3,34.5,76.0
801–1000,RUDN University,22.2–28.2,36.3,11.3,25.2,37.0,51.6
801–1000,Université Saint-Joseph de Beyrouth,22.2–28.2,26.2,10.4,24.0,35.8,70.7
801–1000,Saint-Petersburg Mining University,22.2–28.2,20.2,10.3,48.9,71.1,28.1
801–1000,University of Salford,22.2–28.2,18.7,14.8,38.7,34.8,70.1
801–1000,Universidade Estadual Paulista (Unesp),22.2–28.2,34.4,23.0,16.8,36.9,25.1
801–1000,Sapporo Medical University,22.2–28.2,29.6,11.7,32.3,44.1,15.1
801–1000,University of Science and Technology Beijing,22.2–28.2,27.2,25.2,29.5,54.4,20.3
801–1000,University of Seoul,22.2–28.2,22.6,18.2,24.7,40.9,29.2
801–1000,University of Seville,22.2–28.2,25.4,18.7,36.5,36.6,38.2
801–1000,Shahid Beheshti University,22.2–28.2,22.1,19.0,38.0,66.9,19.6
801–1000,Shanghai University,22.2–28.2,21.2,24.8,29.6,60.0,31.0
801–1000,Shanghai University of Finance and Economics (SUFE),22.2–28.2,27.6,14.1,32.7,38.2,48.8
801–1000,Shanghai Maritime University,22.2–28.2,14.5,9.8,40.3,51.2,36.3
801–1000,Shantou University,22.2–28.2,22.0,14.2,39.5,44.1,41.8
801–1000,Sheffield Hallam University,22.2–28.2,17.5,13.2,41.4,34.8,52.9
801–1000,Shiraz University,22.2–28.2,24.8,25.0,27.2,57.0,18.1
801–1000,Sogang University,22.2–28.2,24.4,28.2,23.6,47.7,34.9
801–1000,University of South Bohemia in České Budějovice,22.2–28.2,17.7,13.3,46.1,34.5,47.3
801–1000,Southwestern University of Finance and Economics,22.2–28.2,18.1,11.6,48.0,37.1,44.7
801–1000,Sri Venkateswara University,22.2–28.2,37.3,10.0,32.6,35.0,20.4
801–1000,Staffordshire University,22.2–28.2,16.8,9.8,42.8,34.6,52.2
801–1000,St Marianna University School of Medicine,22.2–28.2,27.0,7.9,36.9,34.6,16.0
801–1000,Sultan Qaboos University,22.2–28.2,23.8,10.6,19.1,47.4,73.1
801–1000,University of Szeged,22.2–28.2,21.8,12.4,36.6,36.5,54.4
801–1000,Tallinn University,22.2–28.2,16.9,20.1,29.5,38.2,63.0
801–1000,Tallinn University of Technology,22.2–28.2,17.6,13.2,27.8,47.3,60.2
801–1000,Tanta University,22.2–28.2,20.7,7.3,34.7,34.8,40.9
801–1000,Technical University of Madrid,22.2–28.2,22.6,14.9,37.7,42.4,49.1
801–1000,Technological University Dublin,22.2–28.2,15.7,13.3,32.9,35.1,73.0
801–1000,Teesside University,22.2–28.2,15.5,10.6,43.9,34.8,53.7
801–1000,Universiti Tenaga Nasional (UNITEN),22.2–28.2,17.9,13.8,33.9,91.5,37.1
801–1000,University of Texas at El Paso,22.2–28.2,21.0,22.9,36.3,34.4,40.7
801–1000,Tezpur University,22.2–28.2,26.3,12.4,29.0,41.7,14.1
801–1000,Tokyo University of Agriculture and Technology,22.2–28.2,23.9,23.2,18.0,45.9,25.7
801–1000,Tokyo Medical University,22.2–28.2,29.6,10.7,35.0,35.7,17.1
801–1000,Tokyo University of Science,22.2–28.2,21.9,24.3,19.1,41.9,21.3
801–1000,University of Trás-os-Montes and Alto Douro,22.2–28.2,21.2,13.9,32.3,34.4,37.5
801–1000,Tshwane University of Technology,22.2–28.2,14.4,7.0,42.9,36.1,43.2
801–1000,Universiti Utara Malaysia,22.2–28.2,30.9,20.8,9.3,36.8,54.3
801–1000,"Vietnam National University, Hanoi",22.2–28.2,21.9,9.1,38.8,36.5,47.4
801–1000,University of Vigo,22.2–28.2,17.7,14.6,39.5,38.4,41.6
801–1000,Vilnius University,22.2–28.2,19.9,14.3,37.1,46.6,55.6
801–1000,VIT University,22.2–28.2,20.5,12.6,44.0,36.3,20.3
801–1000,University of Wolverhampton,22.2–28.2,15.8,13.3,35.0,34.5,65.3
801–1000,Wuhan University of Technology,22.2–28.2,18.8,13.4,40.8,53.8,23.1
801–1000,Xiangtan University,22.2–28.2,14.8,12.0,46.1,38.5,19.3
801–1000,Xidian University,22.2–28.2,21.0,17.2,32.9,75.2,19.4
801–1000,Yangzhou University,22.2–28.2,15.3,10.7,40.8,41.3,21.5
801–1000,Yeungnam University,22.2–28.2,18.4,12.8,45.5,40.0,36.4
801–1000,University of Zaragoza,22.2–28.2,22.0,13.4,43.8,38.6,39.4
1001+,Acıbadem University,10.7–22.1,22.0,8.6,7.5,34.8,19.8
1001+,AGH University of Science and Technology,10.7–22.1,17.7,13.5,23.6,38.3,20.7
1001+,Akdeniz University,10.7–22.1,15.2,9.0,13.9,35.2,17.2
1001+,Akita University,10.7–22.1,21.0,10.7,9.2,40.9,22.2
1001+,Al-Azhar University,10.7–22.1,15.2,8.3,16.5,34.5,46.7
1001+,Alexandria University,10.7–22.1,18.9,13.1,24.1,39.6,44.5
1001+,Alexandru Ioan Cuza University,10.7–22.1,16.7,11.1,9.7,34.5,31.9
1001+,Al-Farabi Kazakh National University,10.7–22.1,24.3,9.6,20.7,42.8,61.2
1001+,University of Almería,10.7–22.1,17.1,13.2,26.2,36.1,41.3
1001+,Alzahra University,10.7–22.1,18.1,9.9,16.8,36.8,15.2
1001+,Amity University,10.7–22.1,15.7,9.3,18.8,35.8,18.8
1001+,Anadolu University,10.7–22.1,13.0,24.1,16.5,100.0,17.3
1001+,"University of the Andes, Chile",10.7–22.1,16.1,10.5,15.6,34.6,47.8
1001+,"University of the Andes, Venezuela",10.7–22.1,15.0,7.9,9.1,34.4,45.6
1001+,Andhra University,10.7–22.1,37.4,10.8,8.0,42.5,15.5
1001+,Universidad Andrés Bello (UNAB),10.7–22.1,13.3,8.0,29.8,34.6,47.3
1001+,Ankara University,10.7–22.1,19.2,10.0,13.9,35.1,22.5
1001+,Anna University,10.7–22.1,22.6,14.1,18.5,41.9,14.8
1001+,Annamalai University,10.7–22.1,29.2,8.6,18.7,35.3,16.8
1001+,University of Antioquia,10.7–22.1,16.7,17.0,17.2,40.6,37.7
1001+,Aoyama Gakuin University,10.7–22.1,16.3,7.9,20.9,34.8,29.0
1001+,Assiut University,10.7–22.1,15.2,9.0,25.7,34.4,46.7
1001+,Austral University of Chile,10.7–22.1,15.0,12.2,22.7,46.9,50.2
1001+,Autonomous University of Baja California,10.7–22.1,13.7,8.8,7.7,35.2,30.0
1001+,Universidad Autónoma del Estado de Hidalgo,10.7–22.1,15.0,8.2,8.4,36.2,22.1
1001+,Universidad Autónoma de Nuevo León (UANL),10.7–22.1,12.5,7.7,12.1,35.4,29.2
1001+,Benemérita Universidad Autónoma de Puebla,10.7–22.1,16.0,7.9,12.2,34.7,25.7
1001+,Universidad Autónoma de Querétaro,10.7–22.1,15.4,9.2,17.3,38.7,25.9
1001+,Autonomous University of San Luis Potosi,10.7–22.1,17.8,7.4,11.9,34.6,29.0
1001+,Autonomous University of Sinaloa,10.7–22.1,13.3,7.9,14.3,35.3,26.2
1001+,Universidad Autónoma del Estado de Mexico (UAEMex),10.7–22.1,14.4,9.2,6.9,39.0,25.6
1001+,Universidad Autónoma de Yucatán,10.7–22.1,15.8,8.1,15.9,40.2,29.3
1001+,Azarbaijan Shahid Madani University,10.7–22.1,18.1,12.6,23.7,36.6,14.8
1001+,Bahauddin Zakariya University,10.7–22.1,13.6,9.0,19.8,34.4,35.1
1001+,Bahçeşehir University,10.7–22.1,18.5,14.8,14.7,53.7,40.8
1001+,Banasthali University,10.7–22.1,33.0,10.0,11.1,39.3,18.7
1001+,Bandung Institute of Technology (ITB),10.7–22.1,22.0,16.7,16.3,89.9,34.0
1001+,Bashkir State University,10.7–22.1,17.0,8.1,4.5,36.9,16.7
1001+,Başkent University,10.7–22.1,21.4,10.9,4.8,40.1,14.2
1001+,Belarusian State University,10.7–22.1,21.3,9.7,13.3,42.4,58.1
1001+,Belgorod State National Research University,10.7–22.1,19.1,9.9,20.4,43.7,41.8
1001+,University of Bío-Bío,10.7–22.1,13.2,8.4,7.9,37.3,46.6
1001+,University of Birjand,10.7–22.1,16.4,8.0,8.6,34.6,16.7
1001+,"Birla Institute of Technology and Science, Pilani",10.7–22.1,19.7,10.9,30.8,35.3,16.4
1001+,University of Biskra,10.7–22.1,15.7,7.3,14.0,34.4,32.5
1001+,University of Brawijaya,10.7–22.1,16.0,8.5,8.3,36.3,21.4
1001+,Brno University of Technology,10.7–22.1,18.6,15.6,21.7,41.2,52.2
1001+,Bu-Ali Sina University,10.7–22.1,22.2,15.3,25.8,35.3,16.0
1001+,University of Bucharest,10.7–22.1,18.2,10.6,15.1,36.2,27.4
1001+,Budapest University of Technology and Economics,10.7–22.1,17.4,15.8,25.3,44.0,34.7
1001+,University of Burgos,10.7–22.1,20.8,12.0,25.7,37.5,34.2
1001+,"California State University, Long Beach",10.7–22.1,23.1,10.1,27.3,35.9,37.3
1001+,Canterbury Christ Church University,10.7–22.1,16.4,11.3,20.1,34.4,42.4
1001+,Polytechnic University of Cartagena,10.7–22.1,22.6,11.1,23.3,37.9,32.4
1001+,University of Carthage,10.7–22.1,19.6,8.3,19.4,34.7,43.3
1001+,Catholic University of the North,10.7–22.1,14.8,14.2,18.9,35.6,52.9
1001+,University of Caxias do Sul,10.7–22.1,13.8,7.8,7.6,35.0,17.7
1001+,Ceará State University,10.7–22.1,16.2,8.3,6.1,35.6,16.3
1001+,University of Cergy-Pontoise,10.7–22.1,15.9,13.6,23.6,35.0,62.5
1001+,Chaoyang University of Technology,10.7–22.1,13.7,12.2,7.1,41.5,25.1
1001+,"University of Chemistry and Technology, Prague",10.7–22.1,24.2,14.6,17.8,40.7,49.3
1001+,University of Chester,10.7–22.1,15.8,12.7,24.8,34.8,46.6
1001+,Chiang Mai University,10.7–22.1,20.8,14.2,18.0,48.6,32.8
1001+,Chiba Institute of Technology,10.7–22.1,14.6,9.1,6.8,38.9,16.9
1001+,Chubu University,10.7–22.1,13.6,9.7,17.6,36.4,27.5
1001+,Chungnam National University,10.7–22.1,22.7,21.1,12.1,46.6,23.0
1001+,Chung Yuan Christian University,10.7–22.1,16.8,24.6,14.8,47.2,35.2
1001+,Chuo University,10.7–22.1,27.2,10.3,23.0,36.8,23.0
1001+,Cochin University of Science and Technology,10.7–22.1,23.3,10.7,7.7,34.7,14.5
1001+,University of Colombo,10.7–22.1,13.5,8.0,13.9,34.8,38.2
1001+,Comenius University in Bratislava,10.7–22.1,22.2,13.1,22.3,34.6,52.0
1001+,University of Concepción,10.7–22.1,15.4,11.6,19.7,56.6,48.7
1001+,Université Frères Mentouri Constantine 1,10.7–22.1,19.4,7.5,7.9,35.4,37.8
1001+,Corvinus University of Budapest,10.7–22.1,17.8,13.7,23.6,34.4,44.7
1001+,Cukurova University,10.7–22.1,15.2,12.5,15.6,87.5,19.4
1001+,Czech University of Life Sciences Prague (CULS),10.7–22.1,17.4,13.1,18.7,49.9,53.7
1001+,University of Dar es Salaam,10.7–22.1,14.0,7.3,20.4,34.4,46.3
1001+,De La Salle University,10.7–22.1,17.1,12.9,26.4,34.4,30.7
1001+,Delhi Technological University,10.7–22.1,15.8,13.1,37.5,35.3,13.5
1001+,Del Rosario University,10.7–22.1,16.5,9.6,15.4,35.1,47.5
1001+,Democritus University of Thrace,10.7–22.1,14.9,11.6,32.0,35.8,31.4
1001+,University of Dhaka,10.7–22.1,16.0,8.8,16.4,36.6,40.8
1001+,Dokuz Eylül University,10.7–22.1,15.1,9.5,19.7,40.7,18.4
1001+,Doshisha University,10.7–22.1,15.6,9.8,7.7,35.7,27.6
1001+,"University of Economics, Prague",10.7–22.1,18.9,13.3,5.5,35.1,43.5
1001+,Edge Hill University,10.7–22.1,14.8,10.2,33.1,34.4,42.4
1001+,Ege University,10.7–22.1,17.2,10.2,13.5,37.9,22.1
1001+,Ehime University,10.7–22.1,21.3,14.6,20.5,42.7,25.9
1001+,The University of Electro-Communications,10.7–22.1,19.3,18.6,14.1,39.1,29.0
1001+,University of Engineering & Technology (UET) Lahore,10.7–22.1,15.3,9.2,19.4,34.7,44.4
1001+,Erciyes University,10.7–22.1,19.7,16.3,20.6,84.4,21.5
1001+,Far Eastern Federal University,10.7–22.1,21.2,11.1,11.9,40.4,47.0
1001+,Fayoum University,10.7–22.1,15.7,9.8,32.7,36.0,39.3
1001+,Universidade Federal do ABC (UFABC),10.7–22.1,15.9,11.8,24.1,35.8,33.4
1001+,Federal University of Alagoas,10.7–22.1,16.5,6.8,12.2,34.9,21.5
1001+,Universidade Federal da Bahia,10.7–22.1,21.8,13.7,18.7,34.4,23.9
1001+,Universidade Federal do Ceará (UFC),10.7–22.1,22.4,11.8,20.7,38.6,25.8
1001+,Federal University of Espírito Santo,10.7–22.1,17.9,9.3,16.2,36.1,22.4
1001+,Federal University of Goiás,10.7–22.1,23.3,9.7,14.2,39.6,20.4
1001+,Universidade Federal de Ciências da Saúde de Porto Alegre (UFCSPA),10.7–22.1,20.3,10.5,12.9,34.4,18.0
1001+,Federal University of Itajubá,10.7–22.1,16.3,8.9,19.8,36.5,22.7
1001+,Federal University of Lavras,10.7–22.1,23.9,16.8,11.2,54.8,18.8
1001+,Federal University of Mato Grosso do Sul,10.7–22.1,17.1,6.9,7.4,34.4,16.8
1001+,Universidade Federal de Ouro Preto (UFOP),10.7–22.1,16.3,9.6,19.4,36.4,20.6
1001+,Federal University of Pará,10.7–22.1,17.1,9.6,11.8,34.8,24.0
1001+,Universidade Federal do Paraná (UFPR),10.7–22.1,24.4,11.5,12.7,35.1,22.2
1001+,Federal University of Pernambuco,10.7–22.1,26.9,9.2,14.3,35.9,20.8
1001+,Federal University of Rio Grande do Norte (UFRN),10.7–22.1,19.6,8.7,19.0,41.6,23.2
1001+,Universidade Federal Rural do Semi-Arido,10.7–22.1,27.5,7.7,1.7,34.4,14.0
1001+,Federal University of Santa Maria,10.7–22.1,20.4,8.8,13.5,35.0,17.4
1001+,Federal University of São Carlos,10.7–22.1,26.2,13.4,17.3,41.2,24.5
1001+,Universidade Tecnológica Federal do Paraná (UTFPR),10.7–22.1,15.4,9.2,8.6,37.3,19.3
1001+,Federal University of Viçosa,10.7–22.1,28.1,14.3,12.3,47.6,20.1
1001+,Feng Chia University,10.7–22.1,17.7,17.3,17.2,39.5,40.6
1001+,Fluminense Federal University,10.7–22.1,20.0,11.3,14.8,35.2,23.5
1001+,University of Fortaleza (UNIFOR),10.7–22.1,14.8,7.3,41.4,34.4,29.1
1001+,University of Fukui,10.7–22.1,19.7,10.7,9.7,39.7,21.6
1001+,Universitas Gadjah Mada,10.7–22.1,23.4,11.0,15.7,61.4,34.1
1001+,Gazi University,10.7–22.1,18.8,10.6,13.2,40.5,16.6
1001+,Gaziantep University,10.7–22.1,17.3,9.0,15.6,34.7,23.8
1001+,University of Gdańsk,10.7–22.1,15.7,10.6,19.7,34.7,29.9
1001+,Gebze Technical University,10.7–22.1,21.0,14.1,19.4,36.7,27.5
1001+,Gifu University,10.7–22.1,23.5,11.8,16.9,38.5,23.1
1001+,GITAM University,10.7–22.1,16.7,7.7,15.0,35.2,19.6
1001+,Government College University Lahore,10.7–22.1,14.0,9.1,5.7,34.4,35.3
1001+,Grigore T. Popa University of Medicine and Pharmacy,10.7–22.1,17.6,7.7,14.5,34.6,41.2
1001+,University of Guadalajara,10.7–22.1,15.4,7.8,10.0,34.4,28.3
1001+,University of Guanajuato,10.7–22.1,16.4,8.7,13.5,34.6,35.7
1001+,Guangxi University,10.7–22.1,16.1,11.3,17.9,42.8,20.6
1001+,Gubkin Russian State University of Oil and Gas,10.7–22.1,17.8,11.5,8.2,61.5,22.8
1001+,University of Guilan,10.7–22.1,20.4,13.6,29.5,34.8,15.7
1001+,Gunma University,10.7–22.1,27.4,12.9,17.8,37.6,19.4
1001+,Hallym University,10.7–22.1,19.0,15.2,16.0,35.4,21.5
1001+,The Hashemite University,10.7–22.1,13.5,11.3,8.3,34.4,50.9
1001+,Université Hassan II de Casablanca,10.7–22.1,15.9,7.6,24.8,36.4,34.4
1001+,University of Havana,10.7–22.1,21.6,9.0,9.5,40.2,52.5
1001+,Helwan University,10.7–22.1,14.7,8.6,20.0,35.1,40.2
1001+,Hosei University,10.7–22.1,16.8,9.7,25.9,35.2,25.8
1001+,University of Hradec Králové,10.7–22.1,16.8,10.8,12.7,34.7,33.1
1001+,Huaqiao University,10.7–22.1,14.7,11.3,27.3,37.2,48.0
1001+,University of Hyogo,10.7–22.1,16.7,12.1,10.4,46.4,18.5
1001+,Ibaraki University,10.7–22.1,16.4,10.0,8.1,40.2,23.4
1001+,Ibn Tofaïl University,10.7–22.1,18.1,8.9,17.9,35.5,25.3
1001+,Imam Abdulrahman Bin Faisal University,10.7–22.1,21.1,8.0,15.3,34.8,73.2
1001+,Incheon National University,10.7–22.1,16.1,17.0,21.9,37.0,29.3
1001+,Universidad Industrial de Santander (UIS),10.7–22.1,14.5,9.9,35.1,34.7,38.7
1001+,IPB University,10.7–22.1,19.0,10.6,8.9,70.7,42.3
1001+,I-Shou University,10.7–22.1,15.1,17.0,13.3,45.3,35.2
1001+,Istanbul Medipol University,10.7–22.1,12.5,9.3,10.8,35.9,20.9
1001+,Ivane Javakhishvili Tbilisi State University,10.7–22.1,14.7,9.4,4.6,34.8,45.9
1001+,Ivan Franko National University of Lviv,10.7–22.1,21.6,7.9,4.3,34.4,36.6
1001+,Iwate University,10.7–22.1,19.5,9.8,12.0,42.1,22.4
1001+,Izmir Institute of Technology,10.7–22.1,19.4,11.0,29.4,38.9,30.4
1001+,Kagawa University,10.7–22.1,20.9,11.7,28.5,40.0,28.0
1001+,Kagoshima University,10.7–22.1,21.4,11.4,18.0,42.9,23.0
1001+,Kanagawa University,10.7–22.1,14.6,7.5,12.3,34.8,27.7
1001+,Kangwon National University,10.7–22.1,17.6,15.0,17.8,36.3,21.1
1001+,Kansai University,10.7–22.1,24.3,8.0,6.9,35.4,24.6
1001+,Kasetsart University,10.7–22.1,18.6,12.8,10.3,59.8,37.1
1001+,Kaunas University of Technology,10.7–22.1,16.5,11.4,5.6,38.9,30.4
1001+,Kazan National Research Technological University,10.7–22.1,17.8,8.4,10.5,49.0,25.2
1001+,Kharazmi University,10.7–22.1,28.0,12.7,21.2,44.7,17.1
1001+,Khon Kaen University,10.7–22.1,21.6,12.0,18.0,55.2,31.1
1001+,KIIT University,10.7–22.1,16.9,11.5,25.9,59.5,15.9
1001+,King Mongkut’s Institute of Technology Ladkrabang,10.7–22.1,17.8,19.5,6.7,82.0,19.6
1001+,King Mongkut's University of Technology North Bangkok,10.7–22.1,15.1,9.9,10.1,41.9,20.9
1001+,King Mongkut’s University of Technology Thonburi,10.7–22.1,17.3,16.7,23.6,74.0,29.2
1001+,Kitasato University,10.7–22.1,24.0,9.9,18.2,39.5,16.3
1001+,Kochi University,10.7–22.1,19.9,10.7,20.7,40.9,24.2
1001+,Kogakuin University,10.7–22.1,17.2,9.8,8.8,42.0,18.7
1001+,Kookmin University,10.7–22.1,18.2,10.4,16.4,38.4,29.3
1001+,Kwansei Gakuin University,10.7–22.1,15.4,9.0,13.4,35.3,32.3
1001+,Kyoto Institute of Technology,10.7–22.1,21.5,15.9,10.3,41.3,22.1
1001+,Kyushu Institute of Technology (Kyutech),10.7–22.1,18.7,12.4,31.0,47.4,29.3
1001+,Latvia University of Life Sciences and Technologies,10.7–22.1,17.4,17.6,5.2,36.9,16.6
1001+,University of León,10.7–22.1,17.9,11.2,25.4,36.7,43.4
1001+,University of Lethbridge,10.7–22.1,16.7,12.4,22.3,34.5,57.6
1001+,L.N. Gumilyov Eurasian National University,10.7–22.1,21.6,7.5,16.6,34.4,51.0
1001+,Lobachevsky State University of Nizhni Novgorod,10.7–22.1,25.6,11.6,12.4,43.7,28.6
1001+,University of Łódź,10.7–22.1,17.1,10.3,13.4,34.7,24.4
1001+,Lodz University of Technology,10.7–22.1,16.3,11.1,18.0,37.8,23.0
1001+,London South Bank University,10.7–22.1,15.4,10.4,18.1,34.8,75.3
1001+,Londrina State University,10.7–22.1,21.4,13.3,16.3,34.4,18.7
1001+,Maharaja Sayajirao University of Baroda,10.7–22.1,14.1,9.3,17.2,34.9,14.4
1001+,Mahasarakham University,10.7–22.1,18.5,8.0,11.0,35.5,26.1
1001+,Universiti Malaysia Sarawak (UNIMAS),10.7–22.1,17.8,8.5,10.2,34.7,39.5
1001+,Manipal Academy of Higher Education,10.7–22.1,24.1,11.6,9.3,40.3,31.5
1001+,University of Manouba,10.7–22.1,19.4,7.7,24.5,34.4,41.1
1001+,Marmara University,10.7–22.1,21.3,8.9,19.4,34.6,22.9
1001+,University of Marrakech Cadi Ayyad,10.7–22.1,18.0,8.5,22.7,35.4,41.1
1001+,Meiji University,10.7–22.1,17.7,8.6,11.3,35.6,25.9
1001+,Meijo University,10.7–22.1,15.6,10.0,11.6,35.5,26.2
1001+,Mendel University in Brno,10.7–22.1,18.4,14.7,7.3,36.0,39.2
1001+,Menoufia University,10.7–22.1,15.0,7.9,24.9,36.5,35.2
1001+,M’Hamed Bougara University of Boumerdès,10.7–22.1,13.3,7.0,11.1,34.5,29.2
1001+,Universidad Michoacana de San Nicolás de Hidalgo,10.7–22.1,13.4,10.2,11.3,35.4,29.8
1001+,Mie University,10.7–22.1,20.9,11.8,20.7,43.7,20.5
1001+,Ming Chuan University,10.7–22.1,13.6,11.1,10.3,35.0,30.4
1001+,Minia University,10.7–22.1,15.5,7.2,23.5,34.5,45.0
1001+,MIREA - Russian Technological University,10.7–22.1,15.1,9.6,4.3,58.4,17.5
1001+,University of Miyazaki,10.7–22.1,20.5,9.9,21.1,36.3,23.1
1001+,Mohammed V University of Rabat,10.7–22.1,28.2,9.9,16.7,41.6,27.8
1001+,University of Monastir,10.7–22.1,20.5,8.9,12.5,34.4,43.2
1001+,University of Montenegro,10.7–22.1,12.6,9.7,15.2,34.8,43.8
1001+,Moscow Aviation Institute,10.7–22.1,24.1,11.7,3.0,64.6,23.5
1001+,Moscow Power Engineering Institute,10.7–22.1,18.7,10.7,5.8,56.5,27.4
1001+,Multimedia University,10.7–22.1,16.5,9.6,11.4,37.4,37.1
1001+,University of Mumbai,10.7–22.1,31.1,10.2,17.2,35.0,17.6
1001+,University of Mysore,10.7–22.1,31.3,8.2,8.4,34.8,30.6
1001+,Nagaoka University of Technology,10.7–22.1,24.7,14.6,11.7,41.7,32.8
1001+,Nagasaki University,10.7–22.1,25.9,14.4,23.3,39.0,27.8
1001+,Nagoya City University,10.7–22.1,23.2,14.0,27.7,45.5,19.4
1001+,Nagoya Institute of Technology,10.7–22.1,18.8,19.4,12.8,49.0,22.7
1001+,Nanjing University of Aeronautics and Astronautics,10.7–22.1,20.8,21.1,19.8,65.5,18.4
1001+,Nara Medical University,10.7–22.1,24.8,11.0,21.2,39.3,15.3
1001+,Naresuan University,10.7–22.1,16.7,7.8,12.6,34.9,35.9
1001+,National Changhua University of Education,10.7–22.1,20.3,18.6,12.1,37.4,24.3
1001+,National Chiayi University,10.7–22.1,14.8,12.1,8.2,65.6,18.0
1001+,National Chin-Yi University of Technology,10.7–22.1,14.0,19.4,4.4,44.7,16.9
1001+,National Chung Cheng University,10.7–22.1,19.1,18.3,13.7,41.3,21.2
1001+,National Chung Hsing University,10.7–22.1,20.8,16.5,19.0,47.1,24.2
1001+,National University of Colombia,10.7–22.1,19.0,14.5,26.1,35.4,35.7
1001+,National University of Córdoba,10.7–22.1,20.6,9.2,21.2,35.1,34.3
1001+,National University of Cuyo,10.7–22.1,18.0,7.1,25.7,34.4,37.2
1001+,National University of Kaohsiung,10.7–22.1,13.6,16.1,6.1,38.6,25.5
1001+,Instituto Politécnico Nacional (IPN),10.7–22.1,17.6,9.0,10.7,40.4,21.8
1001+,National Research Saratov State University,10.7–22.1,20.7,11.7,25.7,38.1,29.7
1001+,National University of San Martín,10.7–22.1,16.5,8.8,31.9,35.0,39.1
1001+,National University of the South,10.7–22.1,16.4,7.4,7.7,35.8,25.9
1001+,National Taipei University,10.7–22.1,19.5,14.9,25.3,35.8,25.1
1001+,National Taiwan Ocean University,10.7–22.1,18.5,21.5,17.1,52.8,29.9
1001+,National Technical University Kharkiv Polytechnic Institute,10.7–22.1,19.6,7.8,5.4,34.9,27.5
1001+,National Yunlin University of Science and Technology,10.7–22.1,17.2,26.4,7.3,89.9,18.7
1001+,Nicolaus Copernicus University in Toruń,10.7–22.1,18.8,10.5,22.3,35.4,25.9
1001+,University of Nigeria Nsukka,10.7–22.1,23.0,8.6,18.6,35.2,23.8
1001+,Slovak University of Agriculture in Nitra,10.7–22.1,17.7,8.4,9.7,36.2,37.5
1001+,University of North Carolina Wilmington,10.7–22.1,15.9,7.7,23.3,35.1,26.5
1001+,North China Electric Power University,10.7–22.1,17.3,11.9,28.5,55.9,16.6
1001+,"University of the North, Colombia",10.7–22.1,15.0,10.9,11.5,36.7,51.4
1001+,University of North Florida,10.7–22.1,24.8,10.5,25.7,34.6,24.0
1001+,Novosibirsk State Technical University,10.7–22.1,20.5,12.6,14.9,38.2,34.6
1001+,Oakland University,10.7–22.1,25.5,12.7,24.5,35.3,28.9
1001+,Ocean University of China,10.7–22.1,20.3,15.6,26.1,44.7,23.0
1001+,Ochanomizu University,10.7–22.1,23.3,12.7,13.0,37.8,23.9
1001+,Oita University,10.7–22.1,19.4,9.2,20.4,37.5,17.9
1001+,Ondokuz Mayis University,10.7–22.1,15.5,8.9,6.7,38.4,22.1
1001+,Osaka Medical College,10.7–22.1,27.2,10.3,12.4,36.5,15.4
1001+,Osaka Prefecture University,10.7–22.1,22.4,13.5,20.2,41.5,22.4
1001+,University of Ostrava,10.7–22.1,16.7,13.5,29.2,34.5,40.4
1001+,University of Pardubice,10.7–22.1,17.8,15.4,10.3,35.5,28.2
1001+,Paris Nanterre University,10.7–22.1,23.8,16.8,13.9,34.7,50.9
1001+,Perm National Research Polytechnic University,10.7–22.1,19.3,10.5,2.1,54.9,20.3
1001+,Perm State University,10.7–22.1,18.1,9.7,3.3,37.9,18.5
1001+,University of Peshawar,10.7–22.1,25.2,10.7,15.0,34.4,34.2
1001+,Pirogov Russian National Research Medical University,10.7–22.1,23.2,9.5,3.5,37.9,21.0
1001+,PMAS Arid Agriculture University Rawalpindi,10.7–22.1,13.9,8.8,19.1,34.4,34.7
1001+,Polytechnic University of Bucharest,10.7–22.1,16.8,10.0,12.9,34.4,21.4
1001+,Polytechnic University of Timişoara,10.7–22.1,14.2,8.2,17.1,35.5,20.0
1001+,Universidad Pontificia Bolivariana (UPB),10.7–22.1,17.5,8.9,7.8,34.7,35.2
1001+,Pontifical Catholic University of Minas Gerais,10.7–22.1,15.3,7.7,6.7,35.1,19.4
1001+,Pontifícia Universidade Católica do Paraná,10.7–22.1,17.4,10.2,23.7,35.9,27.1
1001+,Pontifical Catholic University of Valparaíso,10.7–22.1,17.3,15.9,16.0,50.0,48.6
1001+,Prince of Songkla University,10.7–22.1,18.1,10.1,17.6,35.4,32.6
1001+,PSG College of Technology,10.7–22.1,19.8,9.5,12.8,34.9,13.6
1001+,Riga Technical University,10.7–22.1,19.5,17.5,20.1,55.5,43.0
1001+,Universidade do Estado do Rio de Janeiro (UERJ),10.7–22.1,24.2,10.9,15.2,38.1,21.6
1001+,Ritsumeikan University,10.7–22.1,19.1,13.2,16.6,36.8,33.6
1001+,Robert Gordon University,10.7–22.1,16.8,11.3,23.3,35.2,75.0
1001+,University of the Ryukyus,10.7–22.1,19.2,11.8,15.1,45.2,26.7
1001+,Saga University,10.7–22.1,21.5,12.4,18.8,47.6,22.9
1001+,Saitama University,10.7–22.1,19.1,13.0,22.8,36.4,31.7
1001+,Saitama Medical University,10.7–22.1,23.6,9.6,28.0,38.1,15.1
1001+,Samara National Research University (Samara University),10.7–22.1,18.3,12.4,31.0,46.6,30.2
1001+,Universidade do Estado de Santa Catarina,10.7–22.1,18.1,9.3,19.6,34.5,16.0
1001+,"University of Santiago, Chile (USACH)",10.7–22.1,16.2,14.2,12.1,38.1,45.6
1001+,University of Sargodha,10.7–22.1,11.7,8.3,10.5,34.4,39.5
1001+,SASTRA University,10.7–22.1,17.0,11.9,31.9,34.9,14.0
1001+,Sathyabama Institute of Science and Technology,10.7–22.1,18.3,9.0,10.2,35.0,15.8
1001+,University of Sciences and Technology Houari Boumediene,10.7–22.1,16.1,7.5,8.1,34.9,35.6
1001+,University of Science and Technology of Oran Mohamed-Boudiaf,10.7–22.1,18.9,7.1,7.1,34.8,38.3
1001+,Sechenov University,10.7–22.1,24.5,10.0,2.6,37.8,36.7
1001+,Selçuk University,10.7–22.1,15.5,8.5,17.7,34.7,19.8
1001+,Semnan University,10.7–22.1,16.9,9.9,39.3,34.4,16.5
1001+,Seoul National University of Science and Technology (SeoulTech),10.7–22.1,17.7,13.5,15.7,39.4,21.5
1001+,University of Sfax,10.7–22.1,28.9,10.4,17.3,34.4,39.7
1001+,Shahed University,10.7–22.1,19.3,11.6,10.6,37.2,14.5
1001+,Shahid Bahonar University of Kerman,10.7–22.1,17.8,13.7,15.1,41.6,15.1
1001+,Shahid Chamran University of Ahvaz,10.7–22.1,27.2,18.4,16.2,66.2,16.3
1001+,Shahrekord University,10.7–22.1,15.6,11.1,35.5,34.8,15.6
1001+,Shahrood University of Technology,10.7–22.1,17.7,13.8,27.8,35.9,18.2
1001+,Shibaura Institute of Technology Tokyo,10.7–22.1,16.4,12.5,10.0,41.3,39.3
1001+,Shiga University of Medical Science,10.7–22.1,25.5,10.2,27.2,42.3,20.0
1001+,Shimane University,10.7–22.1,21.5,11.2,14.8,37.8,20.7
1001+,Shinshu University,10.7–22.1,21.5,14.4,27.9,40.8,24.5
1001+,Shiraz University of Medical Sciences,10.7–22.1,16.2,10.7,20.7,35.1,16.5
1001+,Shizuoka University,10.7–22.1,17.7,13.4,14.7,38.9,27.6
1001+,University of Shizuoka,10.7–22.1,20.9,11.9,13.5,38.1,20.3
1001+,Showa University,10.7–22.1,30.3,8.7,20.0,36.4,16.6
1001+,Siberian Federal University,10.7–22.1,18.1,12.8,6.8,60.5,29.0
1001+,Siksha ‘O’ Anusandhan,10.7–22.1,19.1,7.9,19.9,34.7,13.1
1001+,University of Silesia in Katowice,10.7–22.1,18.1,8.8,18.9,34.5,26.0
1001+,Silesian University of Technology,10.7–22.1,16.4,9.3,31.7,36.9,16.0
1001+,Silpakorn University,10.7–22.1,15.5,8.3,13.6,39.9,27.5
1001+,Simón Bolívar University,10.7–22.1,16.9,9.9,13.8,61.1,45.9
1001+,Slovak University of Technology in Bratislava,10.7–22.1,22.5,12.4,9.8,37.1,27.8
1001+,Sofia University,10.7–22.1,20.7,9.6,14.2,35.3,43.7
1001+,Sohag University,10.7–22.1,13.8,7.4,35.3,34.7,43.5
1001+,University of Sonora,10.7–22.1,13.9,7.4,9.2,34.5,28.2
1001+,Soongsil University,10.7–22.1,20.8,10.7,15.2,36.1,25.7
1001+,Sophia University,10.7–22.1,21.6,11.6,14.3,36.0,40.3
1001+,University of Sousse,10.7–22.1,22.7,7.8,13.6,34.4,36.1
1001+,University of South Africa,10.7–22.1,22.1,19.1,15.0,35.2,43.7
1001+,University of South China,10.7–22.1,19.2,9.7,10.9,38.3,14.7
1001+,Southern Federal University,10.7–22.1,20.4,10.0,20.4,41.9,27.1
1001+,Southern Medical University,10.7–22.1,27.2,12.2,24.9,39.5,23.5
1001+,South Ural State University,10.7–22.1,16.1,10.5,20.7,39.5,20.0
1001+,South Valley University,10.7–22.1,12.8,7.9,37.8,34.6,45.7
1001+,University of South Wales,10.7–22.1,16.2,9.2,27.9,34.9,64.0
1001+,Southwest Jiaotong University,10.7–22.1,17.9,16.6,20.8,81.0,24.3
1001+,Srinakharinwirot University,10.7–22.1,19.9,8.4,12.6,40.6,20.9
1001+,SRM Institute of Science and Technology,10.7–22.1,16.9,8.2,18.1,34.6,18.1
1001+,Universidade Estadual de Maringá,10.7–22.1,19.6,10.0,8.8,34.7,17.4
1001+,State University of Ponta Grossa,10.7–22.1,17.6,8.5,26.5,34.4,18.4
1001+,State University of Santa Cruz,10.7–22.1,27.4,7.6,8.5,35.7,23.4
1001+,St Petersburg Electrotechnical University (LETI),10.7–22.1,19.8,13.0,20.5,54.7,32.6
1001+,Süleyman Demirel University,10.7–22.1,11.2,8.4,11.5,34.5,17.6
1001+,Sumy State University,10.7–22.1,19.8,10.0,13.3,37.8,39.8
1001+,Suranaree University of Technology,10.7–22.1,19.7,12.3,27.0,44.5,32.1
1001+,SWPS University of Social Sciences and Humanities,10.7–22.1,15.1,12.3,21.0,34.5,51.8
1001+,Szent István University,10.7–22.1,16.5,10.5,17.8,35.4,40.1
1001+,University of Talca,10.7–22.1,15.3,11.2,27.5,44.7,49.5
1001+,Tamil Nadu Agricultural University,10.7–22.1,23.5,8.9,2.7,40.5,14.8
1001+,Tamkang University,10.7–22.1,16.4,13.0,12.8,35.9,30.2
1001+,University of Tarapacá,10.7–22.1,12.7,13.7,10.8,34.4,50.2
1001+,Taras Shevchenko National University of Kyiv,10.7–22.1,23.5,9.8,8.3,35.0,31.5
1001+,Technical University of Cluj-Napoca,10.7–22.1,15.2,9.9,16.9,35.2,21.5
1001+,Technical University of Košice,10.7–22.1,20.8,12.5,10.2,44.0,27.6
1001+,Technical University of Liberec,10.7–22.1,19.8,11.9,5.9,40.5,38.8
1001+,"University of Technology, Iraq",10.7–22.1,20.5,6.9,20.3,34.6,37.5
1001+,Universiti Teknologi MARA,10.7–22.1,18.1,12.8,10.9,34.7,18.3
1001+,Institut Teknologi Sepuluh Nopember,10.7–22.1,19.6,11.1,23.4,62.6,34.7
1001+,Texas State University,10.7–22.1,17.4,14.3,27.3,36.4,30.4
1001+,Thammasat University,10.7–22.1,18.6,11.7,11.7,38.9,34.4
1001+,University of Abou Bekr Belkaïd Tlemcen,10.7–22.1,29.1,8.8,5.6,34.8,37.0
1001+,TOBB University of Economics and Technology,10.7–22.1,15.7,11.1,23.4,35.3,24.9
1001+,Toho University,10.7–22.1,21.7,13.5,25.8,39.1,17.3
1001+,Tokai University,10.7–22.1,18.9,9.7,20.8,36.8,23.4
1001+,Tokat Gaziosmanpaşa University,10.7–22.1,13.1,7.7,17.8,34.6,16.6
1001+,Tokushima University,10.7–22.1,26.5,19.1,15.0,55.1,22.6
1001+,Tokyo University of Agriculture,10.7–22.1,16.0,9.8,10.5,36.4,19.1
1001+,Tokyo City University,10.7–22.1,16.7,10.3,6.8,41.6,19.0
1001+,Tokyo Denki University,10.7–22.1,15.2,9.3,3.4,39.6,17.7
1001+,Tokyo University of Marine Science and Technology,10.7–22.1,24.3,13.9,10.4,47.7,33.3
1001+,Tomas Bata University in Zlín,10.7–22.1,18.7,17.4,12.6,37.2,42.0
1001+,Tottori University,10.7–22.1,21.6,10.8,12.4,37.3,19.9
1001+,University of Toyama,10.7–22.1,21.1,13.0,20.3,44.4,27.3
1001+,Toyo University,10.7–22.1,15.0,8.7,6.6,35.3,30.8
1001+,Toyohashi University of Technology (TUT),10.7–22.1,21.9,16.7,16.3,51.1,26.0
1001+,Tribhuvan University,10.7–22.1,11.4,6.9,30.8,34.4,45.8
1001+,Tunghai University,10.7–22.1,15.0,12.6,10.6,37.7,34.6
1001+,University of Tunis El Manar,10.7–22.1,25.6,9.9,18.3,34.5,40.8
1001+,Tzu Chi University,10.7–22.1,20.0,14.1,15.1,39.1,20.3
1001+,Ufa State Aviation Technical University,10.7–22.1,20.7,7.6,10.5,34.5,19.0
1001+,Unisinos University,10.7–22.1,18.4,10.0,21.5,46.3,19.7
1001+,Ural Federal University,10.7–22.1,23.8,17.0,12.5,51.1,44.6
1001+,Urmia University,10.7–22.1,20.0,12.9,18.3,38.1,14.9
1001+,Utsunomiya University,10.7–22.1,18.0,10.3,6.0,36.6,22.8
1001+,University of Valladolid,10.7–22.1,21.7,11.8,23.1,38.1,37.7
1001+,University of Valparaíso,10.7–22.1,16.7,9.7,18.4,34.5,48.7
1001+,"University of Veterinary and Animal Sciences, Lahore",10.7–22.1,14.5,10.3,8.5,42.2,36.5
1001+,Vietnam National University (Ho Chi Minh City),10.7–22.1,14.1,8.7,16.0,42.8,40.3
1001+,Vilnius Gediminas Technical University,10.7–22.1,16.2,12.4,31.7,40.7,39.6
1001+,V.N. Karazin Kharkiv National University,10.7–22.1,20.6,9.3,9.0,34.6,49.9
1001+,Volgograd State Technical University,10.7–22.1,15.1,9.2,21.9,43.2,19.4
1001+,Voronezh State University,10.7–22.1,21.1,8.7,4.2,35.3,25.9
1001+,VSB - Technical University of Ostrava,10.7–22.1,18.6,13.2,10.1,41.4,38.9
1001+,Warsaw University of Technology,10.7–22.1,19.2,11.8,30.7,39.8,25.1
1001+,Wenzhou Medical University,10.7–22.1,16.7,12.7,28.0,37.7,24.2
1001+,University of West Bohemia,10.7–22.1,18.1,15.7,16.7,39.1,29.8
1001+,Universidade Estadual do Oeste do Paraná (Unioeste),10.7–22.1,18.8,10.7,4.0,34.9,15.2
1001+,West University of Timişoara,10.7–22.1,17.9,9.2,11.9,35.5,28.0
1001+,Wrocław University of Science and Technology,10.7–22.1,16.6,10.8,21.3,38.9,21.0
1001+,Yamagata University,10.7–22.1,21.8,12.2,17.7,50.6,22.3
1001+,Yamaguchi University,10.7–22.1,20.8,12.5,14.9,42.3,25.2
1001+,University of Yamanashi,10.7–22.1,24.0,10.7,25.6,36.8,21.6
1001+,Yanshan University,10.7–22.1,17.5,11.2,14.9,50.6,15.9
1001+,Yarmouk University,10.7–22.1,19.4,8.3,7.1,35.6,48.7
1001+,Yazd University,10.7–22.1,16.6,14.4,16.1,36.9,16.6
1001+,Yeditepe University,10.7–22.1,18.8,12.2,11.9,68.0,19.6
1001+,Yıldız Technical University,10.7–22.1,15.4,12.9,23.0,45.6,21.1
1001+,Yokohama National University,10.7–22.1,22.7,16.5,16.2,49.1,26.7
1001+,Yuan Ze University,10.7–22.1,17.3,13.9,15.5,47.0,28.3
1001+,Zagazig University,10.7–22.1,13.6,7.7,29.6,34.4,38.8
1001+,University of Zagreb,10.7–22.1,17.8,12.9,25.3,37.4,33.0
1001+,University of Zanjan,10.7–22.1,17.0,12.3,28.5,43.8,18.7
1001+,Zhejiang University of Technology,10.7–22.1,16.7,14.2,32.3,51.4,24.4
